
Running 476 tests using 9 workers

  ✓    7 [chromium] › e2e/a11y.spec.ts:268:5 › 3.1 rowsPerGrid › kenken: the AX tree reads grid → row → gridcell, N rows of N cells (3.6s)
  ✓    3 [chromium] › e2e/a11y.spec.ts:268:5 › 3.1 rowsPerGrid › sudoku: the AX tree reads grid → row → gridcell, N rows of N cells (5.4s)
  ✓    8 [chromium] › e2e/a11y.spec.ts:268:5 › 3.1 rowsPerGrid › futoshiki: the AX tree reads grid → row → gridcell, N rows of N cells (5.9s)
  ✓    6 [chromium] › e2e/a11y.spec.ts:347:3 › 3.2 guardAnnounced › the armed guard contains focus (aria-modal + focus inside the dialog) (8.6s)
  ✓    1 [chromium] › e2e/a11y.spec.ts:370:3 › 3.2 guardAnnounced › an Enter into the armed guard cannot discard the board unheard (8.7s)
  ✓    4 [chromium] › e2e/a11y.spec.ts:427:3 › 3.3 optionsInPicker › the picker publishes five named, AX-visible options (8.9s)
  ✓    5 [chromium] › e2e/a11y.spec.ts:268:5 › 3.1 rowsPerGrid › killer: the AX tree reads grid → row → gridcell, N rows of N cells (9.1s)
  ✓   11 [chromium] › e2e/a11y.spec.ts:506:3 › 3.4 ctrlKDoesNotPeek › a keyboard-shortcuts help names k, g, h, p and d (5.0s)
  ✓    2 [chromium] › e2e/a11y.spec.ts:327:3 › 3.2 guardAnnounced › arming the destructive-work guard announces its armed state (11.4s)
  ✓    9 [chromium] › e2e/a11y.spec.ts:268:5 › 3.1 rowsPerGrid › thermo: the AX tree reads grid → row → gridcell, N rows of N cells (11.1s)
  ✓   12 [chromium] › e2e/a11y.spec.ts:537:3 › 3.5 unnamedImages › a dealt board publishes zero unnamed image nodes (6.0s)
  ✓   13 [chromium] › e2e/a11y.spec.ts:573:3 › 3.5 unnamedImages › a filled cell announces its value exactly once (4.5s)
  ✓   10 [chromium] › e2e/a11y.spec.ts:476:3 › 3.4 ctrlKDoesNotPeek › Ctrl+K and Cmd+K never trigger the single-key peek (9.1s)
  ✓   14 [chromium] › e2e/a11y.spec.ts:619:3 › 3.6 stability › the grid invariants track N (4×4 and 9×9), never a magic total (5.6s)
  ✓   16 [chromium] › e2e/access.spec.ts:235:3 › 2.1 focus-occlusion census — the desktop card › no control in the controls card focuses into a full burial (4.9s)
  ✓   17 [chromium] › e2e/access.spec.ts:255:3 › 2.1 focus-occlusion census — the desktop card › the marks-mode "Normal" button is reachable, found by identity (4.8s)
  ✓   15 [chromium] › e2e/a11y.spec.ts:635:3 › 3.6 stability › the invariants survive a re-deal (deal-variant figures never asserted) (7.4s)
  ✓   22 [chromium] › e2e/access.spec.ts:515:5 › 2.3 contrast floor — dark › .icon-sublabel and .ctrl-btn clear 4.5:1 (dark) (3.7s)
  ✓   18 [chromium] › e2e/access.spec.ts:328:3 › 2.2 drawer-open inert census — the phone › no covered control in the drawer subtree stays tabbable (5.8s)
  ✓   20 [chromium] › e2e/access.spec.ts:515:5 › 2.3 contrast floor — light › .icon-sublabel and .ctrl-btn clear 4.5:1 (light) (4.1s)
  ✓   21 [chromium] › e2e/affordances.spec.ts:122:1 › print: chrome hidden, black strokes, washes stripped (CSS-only) (6.1s)
  ✓   24 [chromium] › e2e/affordances.spec.ts:244:1 › conflict note: a pure column duplicate names the COLUMN, never a row (6.0s)
  ✓   23 [chromium] › e2e/affordances.spec.ts:175:1 › stale-note: teacher-red and gold-star notes clear on the next edit (6.8s)
  ✓   25 [chromium] › e2e/affordances.spec.ts:287:1 › tally: solve writes "N backtracks · Xms" in the note meta; the next edit clears it (6.2s)
  ✓   26 [chromium] › e2e/affordances.spec.ts:326:1 › tally: with debug off a solved board prints no tally at all (7.6s)
  ✓   19 [chromium] › e2e/access.spec.ts:375:3 › 2.3 the roster announces › a join and a leave each move a live region (13.6s)
  ✓   27 [chromium] › e2e/affordances.spec.ts:373:1 › fill batch: one Fill sweep undoes as ONE gesture, redo re-fills (7.7s)
  ✓   28 [chromium] › e2e/affordances.spec.ts:339:1 › undo: Ctrl+Z reverts, Ctrl+Shift+Z redoes, Meta+Z works, plain z is not swallowed (8.8s)
  ✓   30 [chromium] › e2e/affordances.spec.ts:449:1 › hint: first H gives the reasoning + highlights, second H inks the digit (9.3s)
  ✓   29 [chromium] › e2e/affordances.spec.ts:410:1 › permalink: share writes ?board= and a reload reproduces the exact board (11.1s)
  ✓   31 [chromium] › e2e/affordances.spec.ts:480:1 › marks-gesture: no marks pre-peek, K shows them, Esc clears them (7.0s)
  ✓   34 [chromium] › e2e/board-covisibility.spec.ts:70:3 › mark 6 — the band dissolves › the tally files with the deal, and the strip it left can still be seen (5.3s)
  ✓   33 [chromium] › e2e/affordances.spec.ts:581:1 › composed keyboard (futoshiki twin): K-peek from cell focus + roving + undo in one session (9.0s)
  ✓   32 [chromium] › e2e/affordances.spec.ts:499:1 › composed keyboard: K-peek from cell focus + roving tabindex (Ctrl+Home/End) + undo in one session (10.2s)
  ✓   36 [chromium] › e2e/board-covisibility.spec.ts:108:3 › mark 6 — the band dissolves › the strip below the board is one reserved line — no more, and no less (6.5s)
  ✓   37 [chromium] › e2e/board-covisibility.spec.ts:254:3 › mark 6 — the band dissolves › the grade crests on the board — the celebration never moves the page (5.4s)
  ✓   35 [chromium] › e2e/board-covisibility.spec.ts:175:3 › mark 6 — the band dissolves › a solved board prints its tally exactly once, at every width (8.1s)
  ✓   39 [chromium] › e2e/board-covisibility.spec.ts:573:3 › the board fits the viewport it is drawn in › a landscape phone gets a board no larger than the screen it is drawn on (4.1s)
  ✓   41 [chromium] › e2e/board-covisibility.spec.ts:676:3 › the board fits the viewport it is drawn in › the board hangs no further below the fold than the chrome above it (4.9s)
  ✓   38 [chromium] › e2e/board-covisibility.spec.ts:397:3 › mark 6 — the band dissolves › the case: at 390x664 the page is one viewport, and the play verbs are in it (6.4s)
  ✓   40 [chromium] › e2e/board-covisibility.spec.ts:603:3 › the board fits the viewport it is drawn in › turning the phone does not shrink the cell a finger has to hit (9.3s)
  ✓   42 [chromium] › e2e/drawer.spec.ts:91:1 › drawer: default open — tab present (≥44px), aria wired, controls visible (6.4s)
  ✓   46 [chromium] › e2e/drawer.spec.ts:345:3 › drawer under prefers-reduced-motion › PRM: toggle is an instant state swap — no glide class, immediate layout (5.3s)
  ✓   44 [chromium] › e2e/drawer.spec.ts:272:1 › drawer: open focuses the first control; Esc closes from within and returns focus to the tab (7.5s)
  ✓   45 [chromium] › e2e/drawer.spec.ts:308:1 › drawer: keyboard shortcuts (undo, K-peek) work with the drawer closed (7.4s)
  ✓   49 [chromium] › e2e/drawer.spec.ts:493:3 › drawer below the row regime — PORTRAIT is the dock › <1024 portrait always lands closed, and a persisted-open desk choice does not carry (6.5s)
  ✓   47 [chromium] › e2e/drawer.spec.ts:394:3 › drawer below the row regime — LANDSCAPE IS THE DOCK (T9-W2 §2.2, a declared delta on T5-W4 charter (c)) › <1024 landscape: the tab rides the board, the card docks, nothing scrolls (9.4s)
  ✓   52 [chromium] › e2e/font-census.spec.ts:344:1 › no string renders in two faces except the ones this estate has ledgered (6.6s)
  ✓   48 [chromium] › e2e/drawer.spec.ts:453:3 › drawer below the row regime — PORTRAIT is the dock › <1024 portrait: the tongue summons a fixed sheet, and the board never moves (10.3s)
  ✓   43 [chromium] › e2e/drawer.spec.ts:135:1 › drawer: close glides transform-only, board grows ≥24px + centers, persists (14.2s)
  ✓   53 [chromium] › e2e/futoshiki.spec.ts:80:1 › gallery switches to futoshiki: default board renders with inequality carets (9.1s)
  ✓   54 [chromium] › e2e/futoshiki.spec.ts:107:1 › size switching: 4×4/5×5/6×6/7×7 each change the board cell count (12.7s)
  ✓   55 [chromium] › e2e/futoshiki.spec.ts:132:1 › blank cell accepts input via pointer + on-screen affordance (10.4s)
  ✓   50 [chromium] › e2e/follow-still-authorship.spec.ts:54:1 › a still the table turned away from keeps its peer's ink (16.0s)
  ✓   56 [chromium] › e2e/futoshiki.spec.ts:166:1 › solve: a fresh generated board solves to solve-success (10.2s)
  ✓   57 [chromium] › e2e/gallery-deal.spec.ts:103:1 › band: a sibling of the listbox, never a control inside role=option (8.7s)
  ✓   58 [chromium] › e2e/gallery-deal.spec.ts:192:1 › cold start: an UNMOUNTED game reports its saved board and offers resume (9.3s)
  ✓   60 [chromium] › e2e/gallery-deal.spec.ts:231:1 › cold start: GIVENS ARE NOT WORK — a dealt, untouched board reads "dealt" (6.9s)
  ✓   59 [chromium] › e2e/gallery-deal.spec.ts:220:1 › cold start: a game with NO board offers start, and the card keeps its range line (9.5s)
  ✓   62 [chromium] › e2e/gallery-deal.spec.ts:285:1 › guard: the NEGATIVE control — an untouched target board deals straight through (7.5s)
  ✓   61 [chromium] › e2e/gallery-deal.spec.ts:252:1 › guard: a deal onto ANOTHER game with work on it arms the ribbon (7.8s)
  ✓   63 [chromium] › e2e/gallery-deal.spec.ts:308:1 › guard: the `d` hotkey routes through the SAME ribbon, from the deck AND from the band (11.5s)
  ✓   67 [chromium] › e2e/gallery-deal.spec.ts:514:1 › guard: a PRISTINE mounted board deals across with no ribbon (the source-arm control) (11.1s)
  ✓   64 [chromium] › e2e/gallery-deal.spec.ts:415:1 › guard: when BOTH boards hold work the sub-line says so (12.3s)
  ✓   66 [chromium] › e2e/gallery-deal.spec.ts:491:1 › guard: a dirty SAME-game deal raises the ribbon too — the subsumption, gated (12.5s)
  ✓   68 [chromium] › e2e/gallery-deal.spec.ts:531:1 › deal: a cross-game deal lands the TARGET game at the STAGED pair (11.1s)
  ✓   65 [chromium] › e2e/gallery-deal.spec.ts:391:1 › guard: a cross-game deal ABANDONS the mounted board — dirty sudoku, clean target, ribbon (13.1s)
  ✓   69 [chromium] › e2e/gallery-deal.spec.ts:561:1 › deal: a same-game deal rides the BRIDGE — the staged pair, and no remount (7.5s)
  ✓   70 [chromium] › e2e/gallery-deal.spec.ts:581:1 › deal: a same-game deal issued BEFORE the scene mounts still lands the staged pair (8.2s)
  ✓   71 [chromium] › e2e/gallery-deal.spec.ts:652:1 › safe verb: `start` HONOURS the staged pair (a game with no board has none to restore) (7.1s)
  ✓   76 [chromium] › e2e/gallery-guard.spec.ts:78:1 › snap chime: the centered card carries a scribble underline; flanks do not (7.2s)
  ✓   74 [chromium] › e2e/gallery-deal.spec.ts:735:1 › a11y: the live region carries the staged pair and the board state (8.6s)
  ✓   72 [chromium] › e2e/gallery-deal.spec.ts:670:1 › safe verb: `resume` PRINTS the saved pair the moment the chips wander off it (9.4s)
  ✓   73 [chromium] › e2e/gallery-deal.spec.ts:707:1 › safe verb: a wandered pair cannot OUTLIVE the transaction (9.5s)
  ✓   75 [chromium] › e2e/gallery-guard.spec.ts:58:1 › dropdown retired: the wordmark opens the gallery; no listbox affordance remains (9.2s)
  ✓   78 [chromium] › e2e/gallery-guard.spec.ts:126:1 › guard: keep dismisses the deal ribbon, stays in the gallery, board unchanged (10.7s)
  ✓   77 [chromium] › e2e/gallery-guard.spec.ts:99:1 › guard: a solo dirty select switches freely, and the marks are there on return (13.7s)
  ✓   79 [chromium] › e2e/gallery-guard.spec.ts:146:1 › guard: a pristine board switches to a different game with no ribbon (9.6s)
  ✓   82 [chromium] › e2e/gallery.spec.ts:107:1 › gallery: ?view=gallery lands in the carousel — listbox roles, labels, focus, pips (8.3s)
  ✓   81 [chromium] › e2e/gallery-guard.spec.ts:213:1 › guard: the armed ribbon is anchored on the chosen card, not on the deck frame (9.1s)
  ✓   83 [chromium] › e2e/gallery.spec.ts:145:1 › gallery: keyboard step moves the snap, announces it, and updates aria + pips (8.7s)
  ✓   80 [chromium] › e2e/gallery-guard.spec.ts:160:1 › guard: selecting the same game never asks, even when the board is dirty (9.8s)
  ✓   84 [chromium] › e2e/gallery.spec.ts:183:1 › gallery: Enter on futoshiki selects it — board swaps, ?game set, ?view cleared (9.3s)
  ✓   85 [chromium] › e2e/gallery.spec.ts:199:1 › gallery: Escape cancels back to the board, no swap, ?view cleared (4.7s)
  ✓   86 [chromium] › e2e/gallery.spec.ts:235:3 › gallery: Escape still exits with focus moved off the listbox by a staged chip (5.9s)
  ✓   88 [chromium] › e2e/gallery.spec.ts:235:3 › gallery: Escape still exits with focus moved off the listbox by bare page (4.8s)
  ✓   89 [chromium] › e2e/gallery.spec.ts:253:1 › gallery: `g` opens the gallery from playing; a `g` typed into a cell does not (4.4s)
  ✓   87 [chromium] › e2e/gallery.spec.ts:235:3 › gallery: Escape still exits with focus moved off the listbox by a page pip (5.8s)
  ✓   90 [chromium] › e2e/gallery.spec.ts:279:1 › gallery: only the centered card boils — a flank frame is inert + frozen (5.5s)
  ✓   91 [chromium] › e2e/gallery.spec.ts:308:3 › gallery under prefers-reduced-motion › PRM: open is an instant cut — gallery present, no tweening (5.5s)
  ✓   94 [chromium] › e2e/gallery.spec.ts:556:1 › drag: a flick whose every move lands inside the sample floor is still a flick (5.0s)
  ✓   96 [chromium] › e2e/gallery.spec.ts:606:1 › drag: a slow first sample does not swallow the flick that follows it (5.5s)
  ✓   97 [chromium] › e2e/gallery.spec.ts:653:1 › drag: a release that lands a frame after the last move is still a flick (5.5s)
  ✓   93 [chromium] › e2e/gallery.spec.ts:521:1 › drag: a flick moves exactly one card; a release over the centered card selects nothing (9.2s)
  ✓   95 [chromium] › e2e/gallery.spec.ts:704:1 › drag: a grab during a keyboard glide freezes the deck where it is drawn (6.7s)
  ✓   98 [chromium] › e2e/gallery.spec.ts:765:1 › click: a flank warps the deck to it, aria + the live region following the same seam (7.0s)
  ✓  100 [chromium] › e2e/gallery.spec.ts:824:1 › drag: a release that lands over a FLANK is swallowed, not taken as a warp (5.6s)
  ✓   92 [chromium] › e2e/gallery.spec.ts:480:1 › drag: pushing the deck left advances the snap and announces it (13.2s)
  ✘   51 [chromium] › e2e/font-census.spec.ts:231:1 › the ledger holds BOTH directions across two games and two regimes (30.8s)
  ✓   99 [chromium] › e2e/gallery.spec.ts:801:1 › click: the card the warp delivered then SELECTS on the next click (8.1s)
  ✓  103 [chromium] › e2e/gallery.spec.ts:995:1 › CH-67: every settled wordmark bake is minted at the size it is shown at (7.3s)
  ✓  102 [chromium] › e2e/gallery.spec.ts:903:1 › header: the masthead persists in the gallery, names the snapped card, and is inert there (8.0s)
  ✓  104 [chromium] › e2e/gallery.spec.ts:1032:3 › gallery on a 375 phone › 375: one card near-fills the width, a neighbor peeks, pips present (6.5s)
  ✓  107 [chromium] › e2e/join-language-prm.spec.ts:129:1 › a peer’s ghost lands drawn — tier 4 sketches on nowhere (7.3s)
  ✓  105 [chromium] › e2e/join-language-prm.spec.ts:60:1 › a join renders no ring at all, and the row lands open and written (12.5s)
  ✓  106 [chromium] › e2e/join-language-prm.spec.ts:106:1 › a departure is gone the same frame: no held row, no retreating ring (15.4s)
  ✓  109 [chromium] › e2e/join-language.spec.ts:134:1 › the roster row is the other half: the name lands in their ink, and the well says who (12.6s)
  ✓  110 [chromium] › e2e/masthead-alignment.spec.ts:112:5 › M17 — the head line › the badge and the celestial hang from one rule (dark) (12.1s)
  ✓  111 [chromium] › e2e/masthead-alignment.spec.ts:112:5 › M17 — the head line › the badge and the celestial hang from one rule (light) (13.7s)
  ✓  116 [chromium] › e2e/mobile-platform.spec.ts:90:3 › ios-discipline (iPhone-geometry coarse) › the board scene contains overscroll (no rubber-band / scroll-chain) (5.4s)
  ✓  115 [chromium] › e2e/masthead-alignment.spec.ts:278:3 › M20 — the dock stays a phone regime › the dock itself stands at landscape phones (8.5s)
  ✓  117 [chromium] › e2e/mobile-platform.spec.ts:101:3 › ios-discipline (iPhone-geometry coarse) › game surfaces suppress selection + the double-tap-zoom delay (long-press-clean) (7.6s)
  ✓  112 [chromium] › e2e/masthead-alignment.spec.ts:158:5 › M18 — the board rule › the board hangs from the title at 1280, in all five games (18.5s)
  ✓  114 [chromium] › e2e/masthead-alignment.spec.ts:231:3 › M20 — the dock stays a phone regime › a tall landscape window keeps the masthead above the board (12.9s)
  ✓  119 [chromium] › e2e/mobile-platform.spec.ts:144:3 › ios-discipline (iPhone-geometry coarse) › tap-highlight + text-size-adjust are delivered (preflight) app-wide (6.8s)
  ✓  113 [chromium] › e2e/masthead-alignment.spec.ts:158:5 › M18 — the board rule › the board hangs from the title at 1440, in all five games (17.1s)
  ✓  120 [chromium] › e2e/mobile-platform.spec.ts:180:3 › ios-discipline (iPhone-geometry coarse) › viewport opts into the notch + the fixed toggle pads clear of the safe area (4.5s)
  ✓  122 [chromium] › e2e/mobile-platform.spec.ts:352:3 › keyboard-avoid (emulated visualViewport) › a viewport wobble with nothing focused publishes no band, and the board holds still (4.7s)
  ✓  121 [chromium] › e2e/mobile-platform.spec.ts:288:3 › keyboard-avoid (emulated visualViewport) › a focused below-fold cell scrolls clear of the emulated keyboard band (6.1s)
  ✓  118 [chromium] › e2e/join-language.spec.ts:69:1 › a join rings the board, in the joiner’s own ink, once (10.6s)
  ✓  125 [chromium] › e2e/mobile-platform.spec.ts:663:3 › iPad portrait (<1024, coarse, stacked) › no horizontal overflow; entry works (5.0s)
  ✓  124 [chromium] › e2e/mobile-platform.spec.ts:649:3 › landscape phone (~844×390, coarse) › no horizontal overflow; entry works (5.8s)
  ✓  127 [chromium] › e2e/multiplayer.spec.ts:140:1 › solo boot opens no room, and pays no bytes for one (4.1s)
  ✓  123 [chromium] › e2e/mobile-platform.spec.ts:432:3 › the 296px keypad band (measured constant, driven through the composable) › with the keypad up, every control seats clear of the band at scrollY 0 (8.4s)
  ✓  126 [chromium] › e2e/mobile-platform.spec.ts:677:3 › large iPad landscape (≥1024, coarse → desktop drawer layout) › the drawer tab is a clean ≥44px tap target and toggles the rail (6.3s)
  ✓  128 [chromium] › e2e/multiplayer.spec.ts:162:1 › the invite carries the board, and both pages sit at one table (8.8s)
  ✓  129 [chromium] › e2e/multiplayer.spec.ts:200:1 › a digit crosses both ways, and it arrives in its author's ink (12.5s)
  ✓  130 [chromium] › e2e/multiplayer.spec.ts:241:1 › last writer wins the cell, on both pages (12.9s)
  ✓  131 [chromium] › e2e/multiplayer.spec.ts:265:1 › undo skips a cell a peer has taken — your move is spent, their digit stands (13.1s)
  ✓  134 [chromium] › e2e/multiplayer.spec.ts:347:1 › the table says connecting until the room answers, then shows who is at it (15.0s)
  ✓  133 [chromium] › e2e/multiplayer.spec.ts:320:1 › a deal is an epoch: both boards follow, and neither undo stack crosses it (16.4s)
  ✓  135 [chromium] › e2e/multiplayer.spec.ts:385:1 › leaving drops the room, the roster, and the parameter (11.6s)
  ✓  132 [chromium] › e2e/multiplayer.spec.ts:291:1 › an undo is a move the room sees: the digit leaves both boards, and redo restores it (18.1s)
  ✘  101 [chromium] › e2e/gallery.spec.ts:860:1 › drag: kenken — the LAST card — is reachable by dragging (30.8s)
  ✘  108 [chromium] › e2e/join-language.spec.ts:107:1 › the ring is baked geometry: it mints no filter, in either engine (26.5s)
  ✓  136 [chromium] › e2e/multiplayer.spec.ts:502:1 › the wordmark holds through the join, under an op flood arriving mid-boot (20.6s)
  ✓  139 [chromium] › e2e/multiplayer.spec.ts:649:1 › a joiner arriving mid-game adopts the whole board, then syncs both ways (29.4s)
  ✓  138 [chromium] › e2e/multiplayer.spec.ts:610:1 › a player leaves mid-flood: the rosters prune and the survivors keep writing (32.8s)
  ✓  143 [chromium] › e2e/permalink.spec.ts:31:1 › board-only ?board= URL loads the encoded board (sudoku) (13.5s)
  ✓  144 [chromium] › e2e/permalink.spec.ts:45:1 › mismatched ?board=/?size= falls closed to the size path (sudoku) (4.2s)
  ✓  146 [chromium] › e2e/permalink.spec.ts:89:1 › randomize drops ?board= from the URL (sudoku) (6.7s)
  ✓  145 [chromium] › e2e/permalink.spec.ts:57:1 › game switch leaves no foreign board/size params in the URL (7.3s)
  ✓  142 [chromium] › e2e/multiplayer.spec.ts:854:1 › two phones sit at one table, and the well is reachable with the sheet shut (36.5s)
  ✓  137 [chromium] › e2e/multiplayer.spec.ts:555:1 › four pages, one board: every roster, every ink, every digit, one contended cell (42.6s)
  ✓  147 [chromium] › e2e/permalink.spec.ts:102:1 › the share affordance writes ?board= on the explicit act (sudoku) (4.8s)
  ✓  148 [chromium] › e2e/permalink.spec.ts:118:1 › board-only ?board= loads a futoshiki board with its inequalities, randomize drops it (6.6s)
  ✓  149 [chromium] › e2e/permalink.spec.ts:139:1 › an untagged ?board= body fails closed, never a board (sudoku) (7.2s)
  -  153 [chromium] › e2e/multiplayer.spec.ts:950:1 › the real relay carries the board with RTCPeerConnection deleted
  ✓  150 [chromium] › e2e/permalink.spec.ts:189:3 › share writes a REAL ?board= and it round-trips the board (killer) (10.0s)
  ✓  156 [chromium] › e2e/prm-void-audition.spec.ts:71:5 › PRM route audition @playwright/test 1.61.1 › the fixture route — test.use({ reducedMotion }) › VOID: the declared option never reaches the page (3.0s)
  ✓  159 [chromium] › e2e/prm-void-audition.spec.ts:131:3 › PRM route audition @playwright/test 1.61.1 › the dead declarations are still on disk to be auditioned (258ms)
  ✓  151 [chromium] › e2e/permalink.spec.ts:189:3 › share writes a REAL ?board= and it round-trips the board (thermo) (11.8s)
  ✓  157 [chromium] › e2e/prm-void-audition.spec.ts:95:5 › PRM route audition @playwright/test 1.61.1 › the nested fixture route — test.use({ contextOptions }) › LANDS: the void is the dedicated option, not the fixture plumbing (3.4s)
  ✓  158 [chromium] › e2e/prm-void-audition.spec.ts:114:3 › PRM route audition @playwright/test 1.61.1 › CONTROL: the same option through browser.newContext() DOES land (1.9s)
  ✓  152 [chromium] › e2e/permalink.spec.ts:189:3 › share writes a REAL ?board= and it round-trips the board (kenken) (11.3s)
  ✘  141 [chromium] › e2e/multiplayer.spec.ts:728:1 › a page that reloads mid-session comes back to the same table and the same board (30.5s)
  ✓  163 [chromium] › e2e/session-substrate.spec.ts:261:1 › a digit is on disk the moment its board stops being the live face (12.1s)
  ✓  140 [chromium] › e2e/multiplayer.spec.ts:683:1 › three hundred ops as fast as the wire takes them, and the boards are one board (1.1m)
  ✓  160 [chromium] › e2e/session-substrate.spec.ts:99:1 › a size-changing deal re-dimensions the whole table, not just the dealer (18.4s)
  ✓  161 [chromium] › e2e/session-substrate.spec.ts:132:1 › one page switches game and the whole table turns the page with it (22.3s)
  ✓  165 [chromium] › e2e/share-truth.spec.ts:97:1 › sudoku share failure: "couldn't copy" signal, link still live in the address bar (10.2s)
  ✓  167 [chromium] › e2e/share-truth.spec.ts:149:1 › sudoku corrupt ?board= surfaces the margin-voice notice (6.5s)
  ✓  166 [chromium] › e2e/share-truth.spec.ts:122:1 › futoshiki share failure: the same "couldn't copy" signal (twin) (7.6s)
  ✓  164 [chromium] › e2e/session-substrate.spec.ts:313:1 › a still draws a peer's digit in the peer's ink, not the reader's (23.5s)
  ✓  154 [chromium] › e2e/multiplayer.spec.ts:882:1 › a digit tapped on a phone crosses, and the sheet does not move under the traffic (31.1s)
  ✓  168 [chromium] › e2e/share-truth.spec.ts:158:1 › futoshiki corrupt ?board= surfaces the margin-voice notice (twin) (3.1s)
  ✓  162 [chromium] › e2e/session-substrate.spec.ts:197:1 › leave a table and come back to it: same name, same row, your digits still yours (27.2s)
  ✓  170 [chromium] › e2e/spoken-controls.spec.ts:213:5 › §3.1 the occlusion law — 390x844 › a keystroke cannot land on a cell the sheet is painting over (5.8s)
  ✓  172 [chromium] › e2e/spoken-controls.spec.ts:213:5 › §3.1 the occlusion law — 768x1024 › a keystroke cannot land on a cell the sheet is painting over (6.7s)
  ✓  173 [chromium] › e2e/spoken-controls.spec.ts:272:3 › §3.5 deals and forced fills announce › a deal says a board arrived, and says what board (6.5s)
  ✓  174 [chromium] › e2e/spoken-controls.spec.ts:291:3 › §3.5 deals and forced fills announce › a forced fill says how many squares it filled (6.5s)
  ✓  175 [chromium] › e2e/spoken-controls.spec.ts:324:3 › §3.6 the copy act reaches AT › the outcome is spoken, and the name agrees with the label at every beat (6.4s)
  ✓  176 [chromium] › e2e/spoken-gallery.spec.ts:93:1 › deck exit by Escape hands focus back to the wordmark that opened it (4.8s)
  ✓  177 [chromium] › e2e/spoken-gallery.spec.ts:105:1 › deck exit by Enter on the SAME game hands focus back (5.6s)
  ✓  179 [chromium] › e2e/spoken-gallery.spec.ts:136:1 › deck exit by `d` to deal hands focus back (5.8s)
  ✓  180 [chromium] › e2e/spoken-gallery.spec.ts:150:1 › deck entered by `g` hands focus back to the control that held it, not to the wordmark (7.1s)
  ✓  178 [chromium] › e2e/spoken-gallery.spec.ts:120:1 › deck exit by Enter on ANOTHER game hands focus back (7.9s)
  ✓  181 [chromium] › e2e/spoken-gallery.spec.ts:178:1 › an Escape taken with focus OUTSIDE the deck does not steal focus back (8.9s)
  ✓  182 [chromium] › e2e/spoken-gallery.spec.ts:236:1 › the deck focus ring rides the ACTIVE option, not the clipping scrollport (7.1s)
  ✓  171 [chromium] › e2e/spoken-controls.spec.ts:174:5 › §3.1 the occlusion law — 768x1024 › the risen sheet takes the covered board out of the tab route (20.7s)
  ✓  169 [chromium] › e2e/spoken-controls.spec.ts:174:5 › §3.1 the occlusion law — 390x844 › the risen sheet takes the covered board out of the tab route (21.9s)
  ✓  184 [chromium] › e2e/spoken-gallery.spec.ts:308:1 › the head is read in the order it is painted, at every width (5.3s)
  ✓  185 [chromium] › e2e/sudoku-interaction.spec.ts:51:1 › valid solution: randomize → solve → success state + all cells filled (6.7s)
  ✘  155 [chromium] › e2e/presence.spec.ts:177:1 › a page that dies without a bye leaves the roster on a clock, and the quiet pages keep theirs (24.5s)
  ✓  183 [chromium] › e2e/share-truth.spec.ts:63:1 › sudoku share success: label + aria confirm AND the clipboard holds the link (6.9s)
  ✓  186 [chromium] › e2e/sudoku-interaction.spec.ts:69:1 › invalid solution: solve → edit cell → state reverts to idle (8.0s)
  ✓  187 [chromium] › e2e/sudoku-interaction.spec.ts:103:1 › consecutive solve: values remain unchanged on second solve (8.1s)
  ✓  188 [chromium] › e2e/sudoku-interaction.spec.ts:136:1 › given cells use foreground ink, solved cells use solver-ink (8.4s)
  ✓  189 [chromium] › e2e/sudoku-interaction.spec.ts:173:1 › given cells are inviolable: a keystroke and a Backspace are both refused (8.3s)
  ✓  191 [chromium] › e2e/sudoku-interaction.spec.ts:279:1 › noise animation: randomize produces multiple unique reveal delays (9.8s)
  ✓  190 [chromium] › e2e/sudoku-interaction.spec.ts:224:1 › solve failure: conflicting user values produce solve-failure state (10.3s)
[W2-§2.2] 812×375 {"openersVisible":{"drawerTab":true,"foldTools":false,"drawerHandle":false},"openerGeom":{"drawerTab":{"box":[573.5,159.1,48,92],"display":"block","belowFold":-215.91},"foldTools":{"box":[0,0,0,0],"display":"none","belowFold":-375},"drawerHandle":{"box":[724,375,0,0],"display":"block","belowFold":0}},"dealInFirstScreen":false,"dealGeom":{"box":[378,531.2,56,70.4],"display":"flex","belowFold":156.23},"levelInFirstScreen":false,"statusResidue":19.19,"docScrollH":394,"innerH":375,"mqPortrait":false,"mqStacked":true}
[W2-§2.2] 844×390 {"openersVisible":{"drawerTab":true,"foldTools":false,"drawerHandle":false},"openerGeom":{"drawerTab":{"box":[597,166.6,48,92],"display":"block","belowFold":-223.41},"foldTools":{"box":[0,0,0,0],"display":"none","belowFold":-390},"drawerHandle":{"box":[756,390,0,0],"display":"block","belowFold":0}},"dealInFirstScreen":false,"dealGeom":{"box":[394,546.2,56,70.4],"display":"flex","belowFold":156.23},"levelInFirstScreen":false,"statusResidue":19.19,"docScrollH":409,"innerH":390,"mqPortrait":false,"mqStacked":true}
  ✓  194 [chromium] › e2e/viewport-law.spec.ts:195:5 › §2.2 short landscape @ 812×375 › §2.2 the deal/level controls are one visible, cued gesture away in short landscape (6.3s)
  ✓  193 [chromium] › e2e/viewport-law.spec.ts:195:5 › §2.2 short landscape @ 844×390 › §2.2 the deal/level controls are one visible, cued gesture away in short landscape (6.5s)
[W2-§2.4] toggle=[863.8,59.8,112.3,112.3] overlaps=[] thefts=[]
[W2-§2.6 rail] {"max":504,"rows":[{"tag":"new game","position":"sticky","wellInView":0.92,"tagVisFrac":1},{"tag":"pencils","unreachable":"needs scrollTop 599.2 of 504"},{"tag":"checking","unreachable":"needs scrollTop 829.2 of 504"},{"tag":"players","unreachable":"well is 66.7px tall"}]}
  ✓  195 [chromium] › e2e/viewport-law.spec.ts:287:3 › §2.4 the toggle stops stealing @ 1024×768 › §2.4 no click on a control that shares the toggle box flips the theme (6.9s)
  ✓  197 [chromium] › e2e/viewport-law.spec.ts:575:3 › §2.6 the section tag pins @ 1440×900 (the rail) › §2.6 a section tag stays pinned while its group is in view (desktop rail) (5.7s)
[W2-§2.6 drawer] {"max":248,"rows":[{"tag":"new game","position":"sticky","wellInView":0.835,"tagVisFrac":1},{"tag":"pencils","unreachable":"needs scrollTop 361.7 of 248"},{"tag":"checking","unreachable":"well is 66.4px tall"},{"tag":"players","unreachable":"well is 70.3px tall"}]}
[W2-§2.7] 390×844 {"tab":[286,579.7,92,48],"paper":[12,219.7,366,366],"gapToPaper":-6,"gapToShell":-35.2}
[W2-§2.7] 375×812 {"tab":[271,556.2,92,48],"paper":[12,211.2,351,351],"gapToPaper":-6,"gapToShell":-35.2}
  ✓  198 [chromium] › e2e/viewport-law.spec.ts:610:3 › §2.6 the section tag pins @ 375×667 (the drawer) › §2.6 a section tag stays pinned while its group is in view (mobile drawer) (7.0s)
  ✓  199 [chromium] › e2e/viewport-law.spec.ts:664:5 › §2.7 the controls entry rides the board @ 390×844 › §2.7 the controls entry is attached to the board's bottom edge, not floating below it (6.8s)
[W2-§2.7] 430×932 {"tab":[326,643.7,92,48],"paper":[12,243.7,406,406],"gapToPaper":-6,"gapToShell":-35.2}
  ✓  200 [chromium] › e2e/viewport-law.spec.ts:664:5 › §2.7 the controls entry rides the board @ 375×812 › §2.7 the controls entry is attached to the board's bottom edge, not floating below it (5.9s)
[W2-§2.1] 1440×640 [{"name":"sudoku","visFrac":1},{"name":"futoshiki","visFrac":1},{"name":"thermo","visFrac":1},{"name":"killer","visFrac":1},{"name":"kenken","visFrac":1}]
  ✓  201 [chromium] › e2e/viewport-law.spec.ts:664:5 › §2.7 the controls entry rides the board @ 430×932 › §2.7 the controls entry is attached to the board's bottom edge, not floating below it (5.9s)
  ✓  192 [chromium] › e2e/viewport-law.spec.ts:136:5 › §2.1 deck names @ 1440×640 › §2.1 every game name on the deck is legible at first paint or one cued step away (16.7s)
[W2-BASELINE M01 toolbar] {"toolbarButtons":[{"text":"Undo","label":"Undo last move","fontPx":16,"w":46,"h":56},{"text":"Redo","label":"Redo move","fontPx":16,"w":46,"h":56},{"text":"Hint","label":"Reveal a hint in the selected cell","fontPx":16,"w":46,"h":56},{"text":"peek","label":null,"fontPx":16,"w":59.8,"h":44}],"toolbarSublabels":[{"text":"Undo","label":null,"fontPx":14,"w":24.4,"h":14},{"text":"Redo","label":null,"fontPx":14,"w":23.5,"h":14},{"text":"Hint","label":null,"fontPx":14,"w":21.6,"h":14}]}
[W2-BASELINE §2.3] 1440×900 {"maxHeight":"640px","clientH":640,"scrollH":1144,"hidden":504,"gutter":6,"scrollbarWidth":"auto","scrollPaddingBottom":"122px","straddle":[{"cls":"outline-container tray-well","label":"pencilsmarksnormal w","cut":80.8,"visFrac":0.378},{"cls":"zone-row zone-row-stacked","label":"marksnormal writes a","cut":69.6,"visFrac":0.483},{"cls":"ctrl-btn rounded-md px-3 py-1.5 text-center ","label":"Corner","cut":8.6,"visFrac":0.227}],"playBelowFold":319.1}
[W2-BASELINE M01 drawer] {"options":[{"text":"4×4","fontPx":20,"w":60,"h":44},{"text":"9×9","fontPx":20,"w":60,"h":44},{"text":"16×16","fontPx":20,"w":84,"h":44},{"text":"Easy","fontPx":20,"w":0,"h":0},{"text":"Medium","fontPx":20,"w":0,"h":0},{"text":"Hard","fontPx":20,"w":0,"h":0},{"text":"Normal","fontPx":20,"w":96,"h":44},{"text":"Corner","fontPx":20,"w":96,"h":44},{"text":"Center","fontPx":20,"w":96,"h":44},{"text":"Off","fontPx":20,"w":60,"h":44},{"text":"On","fontPx":20,"w":48,"h":44},{"text":"Off","fontPx":20,"w":60,"h":44},{"text":"Ask","fontPx":20,"w":60,"h":44},{"text":"Live","fontPx":20,"w":72,"h":44}],"iconButtons":[{"text":"Deal","fontPx":16,"w":56,"h":70.4},{"text":"Play","fontPx":16,"w":358,"h":56},{"text":"Clear","fontPx":16,"w":48,"h":58},{"text":"Fill","fontPx":16,"w":48,"h":58},{"text":"Solve","fontPx":16,"w":48,"h":58},{"text":"Share","fontPx":16,"w":48,"h":58}],"sublabels":[{"text":"Deal","fontPx":16,"w":24.8,"h":16},{"text":"Play","fontPx":14,"w":22.5,"h":14},{"text":"Clear","fontPx":14,"w":27.4,"h":14},{"text":"Fill","fontPx":14,"w":17,"h":14},{"text":"Solve","fontPx":14,"w":27.7,"h":14},{"text":"Share","fontPx":14,"w":29.5,"h":14}],"tags":[{"text":"new game","fontPx":14,"w":64.5,"h":23.2},{"text":"pencils","fontPx":14,"w":51,"h":22},{"text":"checking","fontPx":14,"w":59.8,"h":22.7},{"text":"players","fontPx":14,"w":53.1,"h":22.7}],"rowLabels":[{"text":"marks","fontPx":14,"w":60,"h":15.4},{"text":"candidates","fontPx":14,"w":60,"h":15.4}]}
[W2-BASELINE M01 notRendered] [{"text":"Easy","fontPx":20,"w":0,"h":0},{"text":"Medium","fontPx":20,"w":0,"h":0},{"text":"Hard","fontPx":20,"w":0,"h":0}]
  ✓  203 [chromium] › e2e/viewport-law.spec.ts:798:5 › BASELINE the controls-card fold @ 1440×900 (§2.3) › BASELINE §2.3 — the card cap, the scroll gutter, and what straddles the fold (4.7s)
  ✓  202 [chromium] › e2e/viewport-law.spec.ts:720:3 › BASELINE the mobile type + tap scale @ 390×844 (M01) › BASELINE M01 — the toolbar and drawer option scale, banked for W7 (5.4s)
[W2-BASELINE §2.3] 1280×800 {"maxHeight":"608px","clientH":608,"scrollH":1142,"hidden":534,"gutter":6,"scrollbarWidth":"auto","scrollPaddingBottom":"121px","straddle":[{"cls":"outline-container tray-well","label":"pencilsmarksnormal w","cut":49.2,"visFrac":0.231},{"cls":"zone-row zone-row-stacked","label":"marksnormal writes a","cut":38.1,"visFrac":0.265},{"cls":"ctrl-btn rounded-md px-3 py-1.5 text-center ","label":"Normal","cut":22.6,"visFrac":0.595}],"playBelowFold":349.8}
  ✓  204 [chromium] › e2e/viewport-law.spec.ts:798:5 › BASELINE the controls-card fold @ 1280×800 (§2.3) › BASELINE §2.3 — the card cap, the scroll gutter, and what straddles the fold (4.1s)
  ✓  206 [chromium] › e2e/visual-regression.spec.ts:231:1 › dark mode: celestial swap, control panel carries no filter, DOM contract (3.9s)
  ✓  207 [chromium] › e2e/visual-regression.spec.ts:263:1 › grid draw-in completes and path-based boil activates (5.9s)
  ✓  208 [chromium] › e2e/visual-regression.spec.ts:322:1 › randomize populates board and blank cells accept input (5.6s)
  ✓  205 [chromium] › e2e/visual-regression.spec.ts:124:1 › light mode: layout, styles, filters, DOM contract (6.5s)
  ✓  209 [chromium] › e2e/visual-regression.spec.ts:388:1 › graceful degradation: UI renders without backend API (4.7s)
  ✓  211 [chromium] › e2e/visual-regression.spec.ts:544:1 › the glass curve is the same curve in both layers (4.9s)
  ✓  212 [chromium] › e2e/visual-regression.spec.ts:466:1 › the Deal die is not crushed: the commit verb's box fits its own content (7.1s)
  ✓  214 [chromium] › e2e/visual-regression.spec.ts:790:1 › the iPad coarse card stays under the P1 seal: the chip seam is PAID for (6.2s)
  ✓  210 [chromium] › e2e/visual-regression.spec.ts:404:1 › size switching: 4x4, 9x9, 16x16 all render grid lines (11.3s)
  ✓  217 [chromium] › e2e/visual-regression.spec.ts:875:1 › toggle warp rest pose: wrung into the page, no carousel travel (7.4s)
  ✓  213 [chromium] › e2e/visual-regression.spec.ts:569:1 › the deal receipt keeps off the commit verb, hover included (9.6s)
  ✓  218 [chromium] › e2e/zone-grammar.spec.ts:55:1 › rendered-name census, rail: two eyebrows, four tapes, two captions — and the counter can see an injected one (7.6s)
  ✓  215 [chromium] › e2e/visual-regression.spec.ts:707:1 › option chips keep their separation: ≥6px between neighbours, both axes (13.8s)
  ✓  219 [chromium] › e2e/zone-grammar.spec.ts:127:1 › every zone is named by its own VISIBLE tape — the accessible name and the drawn one are one string (8.3s)
[W2-§2.5] 1440×900 overlaps=[]
  ✓  196 [chromium] › e2e/viewport-law.spec.ts:396:3 › §2.5 the washi tape yields @ 1440×900 › §2.5 no washi tape covers any part of an interactive element (32.8s)
  ✓  220 [chromium] › e2e/zone-grammar.spec.ts:179:1 › the permanent tape is a LABEL, not a tooltip — and the surface it names has a name (9.4s)
  ✓  221 [chromium] › e2e/zone-grammar.spec.ts:227:1 › the staged headings are HEADINGS for assistive tech — decided one way, not both (8.7s)
  ✓  223 [chromium] › e2e/zone-grammar.spec.ts:319:1 › the action bar rides the card's own scrollport — at the TOP of a 1039px card, not only at its end (8.6s)
  ✓  224 [chromium] › e2e/zone-grammar.spec.ts:359:1 › a frozen well mints ONE pose node and promotes nothing (the HandDrawnOutline prune) (7.3s)
  ✓  222 [chromium] › e2e/zone-grammar.spec.ts:270:1 › selection is announced: every option chip carries aria-pressed, exactly one per group (10.7s)
  ✓  225 [chromium] › e2e/zone-grammar.spec.ts:426:3 › coarse row regime (≥1024) › the pair branch keeps a 44px floor in BOTH dimensions, where the branch exists (7.6s)
  ✓  226 [chromium] › e2e/zone-grammar.spec.ts:548:3 › coarse regime › the coarse card: regime witnessed first, then two eyebrows and a 44px floor in BOTH dimensions (7.0s)
[W2-§2.1] 844×390 [{"name":"sudoku","visFrac":1},{"name":"futoshiki","visFrac":1},{"name":"thermo","visFrac":1},{"name":"killer","visFrac":1},{"name":"kenken","visFrac":1}]
  ✓  227 [chromium] › e2e/zone-grammar.spec.ts:591:3 › coarse regime › the heading lock holds on the CARD too — the regime its rail arm never visits (7.2s)
  ✓  216 [chromium] › e2e/viewport-law.spec.ts:136:5 › §2.1 deck names @ 844×390 › §2.1 every game name on the deck is legible at first paint or one cued step away (17.0s)
  ✓  228 [chromium] › e2e/zone-grammar.spec.ts:669:3 › coarse regime › the checking well says one thing: its chips (7.5s)
  ✓  229 [chromium] › e2e/mobile-affordances.spec.ts:129:1 › native bounded entry (sudoku 9×9): coarse cell raises the numeric keypad, iOS-congruent, 16px floor (7.0s)
  ✓  230 [chromium] › e2e/mobile-affordances.spec.ts:161:1 › native bounded entry (futoshiki twin): coarse cell raises the numeric keypad, iOS-congruent (7.4s)
  ✓  231 [chromium] › e2e/mobile-affordances.spec.ts:145:1 › native bounded entry (sudoku 16×16): two-digit values 10–16 enter whole (7.7s)
  ✓  232 [chromium] › e2e/mobile-affordances.spec.ts:233:1 › hint two-press by touch (T4-W7): first tap gives the reasoning, second inks the digit (8.6s)
  ✓  235 [chromium] › e2e/mobile-affordances.spec.ts:316:1 › long-press peek (T4-WM §3, sudoku): a hold on a cell opens the candidate glimpse; release clears it (8.8s)
  ✓  233 [chromium] › e2e/mobile-affordances.spec.ts:184:1 › touch play tools (T4-WM §2): undo / redo / hint tappable at ≥44px, wired, and no sticky hover (11.9s)
  ✓  236 [chromium] › e2e/mobile-affordances.spec.ts:435:1 › Deal is dirty-gated (T4-WU/U3): a pristine board carries no arm; a dirty board arms first (11.0s)
  ✓  237 [chromium] › e2e/mobile-affordances.spec.ts:323:1 › long-press peek (T4-WM §3, futoshiki twin): a hold on a cell opens the candidate glimpse; release clears it (7.4s)
  ✓  234 [chromium] › e2e/mobile-affordances.spec.ts:265:1 › attribution opens on a single tap (T4-WM §2): the coarse focusin+click double-fire no longer nets closed (14.3s)
  ✓  238 [chromium] › e2e/mobile-affordances.spec.ts:339:1 › coarse affordances: persistent peek washi on a ≥44px target, icon sublabels, Clear confirm beat (9.6s)
  ✓  239 [webkit] › e2e/a11y.spec.ts:268:5 › 3.1 rowsPerGrid › sudoku: the AX tree reads grid → row → gridcell, N rows of N cells (7.8s)
  ✓  240 [webkit] › e2e/a11y.spec.ts:268:5 › 3.1 rowsPerGrid › futoshiki: the AX tree reads grid → row → gridcell, N rows of N cells (9.2s)
  ✓  241 [webkit] › e2e/a11y.spec.ts:268:5 › 3.1 rowsPerGrid › thermo: the AX tree reads grid → row → gridcell, N rows of N cells (12.4s)
  ✓  245 [webkit] › e2e/a11y.spec.ts:268:5 › 3.1 rowsPerGrid › killer: the AX tree reads grid → row → gridcell, N rows of N cells (17.3s)
  ✓  249 [webkit] › e2e/a11y.spec.ts:506:3 › 3.4 ctrlKDoesNotPeek › a keyboard-shortcuts help names k, g, h, p and d (14.5s)
  ✓  248 [webkit] › e2e/a11y.spec.ts:476:3 › 3.4 ctrlKDoesNotPeek › Ctrl+K and Cmd+K never trigger the single-key peek (18.1s)
  ✓  243 [webkit] › e2e/a11y.spec.ts:268:5 › 3.1 rowsPerGrid › kenken: the AX tree reads grid → row → gridcell, N rows of N cells (21.2s)
  ✓  250 [webkit] › e2e/a11y.spec.ts:537:3 › 3.5 unnamedImages › a dealt board publishes zero unnamed image nodes (14.3s)
  ✓  242 [webkit] › e2e/a11y.spec.ts:327:3 › 3.2 guardAnnounced › arming the destructive-work guard announces its armed state (27.8s)
  ✓  247 [webkit] › e2e/a11y.spec.ts:427:3 › 3.3 optionsInPicker › the picker publishes five named, AX-visible options (21.8s)
  ✓  244 [webkit] › e2e/a11y.spec.ts:347:3 › 3.2 guardAnnounced › the armed guard contains focus (aria-modal + focus inside the dialog) (28.9s)
  ✓  246 [webkit] › e2e/a11y.spec.ts:370:3 › 3.2 guardAnnounced › an Enter into the armed guard cannot discard the board unheard (27.7s)
  ✓  251 [webkit] › e2e/a11y.spec.ts:573:3 › 3.5 unnamedImages › a filled cell announces its value exactly once (12.8s)
  ✓  253 [webkit] › e2e/a11y.spec.ts:635:3 › 3.6 stability › the invariants survive a re-deal (deal-variant figures never asserted) (19.7s)
  ✓  252 [webkit] › e2e/a11y.spec.ts:619:3 › 3.6 stability › the grid invariants track N (4×4 and 9×9), never a magic total (22.2s)
  ✓  255 [webkit] › e2e/access.spec.ts:255:3 › 2.1 focus-occlusion census — the desktop card › the marks-mode "Normal" button is reachable, found by identity (15.4s)
  ✓  254 [webkit] › e2e/access.spec.ts:235:3 › 2.1 focus-occlusion census — the desktop card › no control in the controls card focuses into a full burial (21.1s)
  ✓  258 [webkit] › e2e/access.spec.ts:515:5 › 2.3 contrast floor — light › .icon-sublabel and .ctrl-btn clear 4.5:1 (light) (17.4s)
  ✓  256 [webkit] › e2e/access.spec.ts:328:3 › 2.2 drawer-open inert census — the phone › no covered control in the drawer subtree stays tabbable (21.6s)
  ✓  259 [webkit] › e2e/affordances.spec.ts:122:1 › print: chrome hidden, black strokes, washes stripped (CSS-only) (19.7s)
  ✓  260 [webkit] › e2e/access.spec.ts:515:5 › 2.3 contrast floor — dark › .icon-sublabel and .ctrl-btn clear 4.5:1 (dark) (19.3s)
  ✓  262 [webkit] › e2e/affordances.spec.ts:244:1 › conflict note: a pure column duplicate names the COLUMN, never a row (16.7s)
  ✓  261 [webkit] › e2e/affordances.spec.ts:175:1 › stale-note: teacher-red and gold-star notes clear on the next edit (20.9s)
  ✘  257 [webkit] › e2e/access.spec.ts:375:3 › 2.3 the roster announces › a join and a leave each move a live region (31.3s)
  ✓  263 [webkit] › e2e/affordances.spec.ts:287:1 › tally: solve writes "N backtracks · Xms" in the note meta; the next edit clears it (18.7s)
  ✓  264 [webkit] › e2e/affordances.spec.ts:326:1 › tally: with debug off a solved board prints no tally at all (20.5s)
  ✓  266 [webkit] › e2e/affordances.spec.ts:373:1 › fill batch: one Fill sweep undoes as ONE gesture, redo re-fills (16.6s)
  ✓  265 [webkit] › e2e/affordances.spec.ts:339:1 › undo: Ctrl+Z reverts, Ctrl+Shift+Z redoes, Meta+Z works, plain z is not swallowed (20.8s)
  ✓  269 [webkit] › e2e/affordances.spec.ts:480:1 › marks-gesture: no marks pre-peek, K shows them, Esc clears them (14.3s)
  ✓  268 [webkit] › e2e/affordances.spec.ts:449:1 › hint: first H gives the reasoning + highlights, second H inks the digit (19.5s)
  ✓  267 [webkit] › e2e/affordances.spec.ts:410:1 › permalink: share writes ?board= and a reload reproduces the exact board (23.1s)
  ✓  271 [webkit] › e2e/board-covisibility.spec.ts:70:3 › mark 6 — the band dissolves › the tally files with the deal, and the strip it left can still be seen (12.0s)
  ✓  272 [webkit] › e2e/board-covisibility.spec.ts:108:3 › mark 6 — the band dissolves › the strip below the board is one reserved line — no more, and no less (17.4s)
  ✓  273 [webkit] › e2e/board-covisibility.spec.ts:175:3 › mark 6 — the band dissolves › a solved board prints its tally exactly once, at every width (19.8s)
  ✓  270 [webkit] › e2e/affordances.spec.ts:499:1 › composed keyboard: K-peek from cell focus + roving tabindex (Ctrl+Home/End) + undo in one session (30.0s)
  ✓  274 [webkit] › e2e/board-covisibility.spec.ts:254:3 › mark 6 — the band dissolves › the grade crests on the board — the celebration never moves the page (18.4s)
  ✓  275 [webkit] › e2e/board-covisibility.spec.ts:573:3 › the board fits the viewport it is drawn in › a landscape phone gets a board no larger than the screen it is drawn on (17.5s)
  ✓  278 [webkit] › e2e/board-covisibility.spec.ts:676:3 › the board fits the viewport it is drawn in › the board hangs no further below the fold than the chrome above it (17.8s)
  ✓  276 [webkit] › e2e/board-covisibility.spec.ts:397:3 › mark 6 — the band dissolves › the case: at 390x664 the page is one viewport, and the play verbs are in it (20.6s)
  ✓  279 [webkit] › e2e/drawer.spec.ts:91:1 › drawer: default open — tab present (≥44px), aria wired, controls visible (12.3s)
  ✓  277 [webkit] › e2e/board-covisibility.spec.ts:603:3 › the board fits the viewport it is drawn in › turning the phone does not shrink the cell a finger has to hit (24.3s)
  ✓  281 [webkit] › e2e/drawer.spec.ts:272:1 › drawer: open focuses the first control; Esc closes from within and returns focus to the tab (18.6s)
  ✓  283 [webkit] › e2e/drawer.spec.ts:345:3 › drawer under prefers-reduced-motion › PRM: toggle is an instant state swap — no glide class, immediate layout (17.8s)
  ✓  282 [webkit] › e2e/drawer.spec.ts:308:1 › drawer: keyboard shortcuts (undo, K-peek) work with the drawer closed (24.7s)
  ✓  280 [webkit] › e2e/drawer.spec.ts:135:1 › drawer: close glides transform-only, board grows ≥24px + centers, persists (29.3s)
  ✓  286 [webkit] › e2e/drawer.spec.ts:493:3 › drawer below the row regime — PORTRAIT is the dock › <1024 portrait always lands closed, and a persisted-open desk choice does not carry (28.6s)
  ✘  285 [webkit] › e2e/drawer.spec.ts:453:3 › drawer below the row regime — PORTRAIT is the dock › <1024 portrait: the tongue summons a fixed sheet, and the board never moves (33.1s)
  ✓  289 [webkit] › e2e/font-census.spec.ts:344:1 › no string renders in two faces except the ones this estate has ledgered (18.3s)
  ✘  284 [webkit] › e2e/drawer.spec.ts:394:3 › drawer below the row regime — LANDSCAPE IS THE DOCK (T9-W2 §2.2, a declared delta on T5-W4 charter (c)) › <1024 landscape: the tab rides the board, the card docks, nothing scrolls (34.7s)
  ✘  288 [webkit] › e2e/font-census.spec.ts:231:1 › the ledger holds BOTH directions across two games and two regimes (30.1s)
  ✓  290 [webkit] › e2e/futoshiki.spec.ts:80:1 › gallery switches to futoshiki: default board renders with inequality carets (31.2s)
  ✓  287 [webkit] › e2e/follow-still-authorship.spec.ts:54:1 › a still the table turned away from keeps its peer's ink (53.2s)
  ✘  291 [webkit] › e2e/futoshiki.spec.ts:107:1 › size switching: 4×4/5×5/6×6/7×7 each change the board cell count (33.0s)
  ✓  294 [webkit] › e2e/gallery-deal.spec.ts:103:1 › band: a sibling of the listbox, never a control inside role=option (23.3s)
  ✓  293 [webkit] › e2e/futoshiki.spec.ts:132:1 › blank cell accepts input via pointer + on-screen affordance (25.8s)
  ✓  295 [webkit] › e2e/gallery-deal.spec.ts:231:1 › cold start: GIVENS ARE NOT WORK — a dealt, untouched board reads "dealt" (6.6s)
  ✓  292 [webkit] › e2e/affordances.spec.ts:581:1 › composed keyboard (futoshiki twin): K-peek from cell focus + roving + undo in one session (27.0s)
  ✓  296 [webkit] › e2e/gallery-deal.spec.ts:252:1 › guard: a deal onto ANOTHER game with work on it arms the ribbon (15.7s)
  ✓  299 [webkit] › e2e/gallery-deal.spec.ts:415:1 › guard: when BOTH boards hold work the sub-line says so (15.8s)
  ✓  297 [webkit] › e2e/gallery-deal.spec.ts:308:1 › guard: the `d` hotkey routes through the SAME ribbon, from the deck AND from the band (19.3s)
  ✓  298 [webkit] › e2e/gallery-deal.spec.ts:391:1 › guard: a cross-game deal ABANDONS the mounted board — dirty sudoku, clean target, ribbon (18.1s)
  ✓  300 [webkit] › e2e/gallery-deal.spec.ts:491:1 › guard: a dirty SAME-game deal raises the ribbon too — the subsumption, gated (12.8s)
  ✓  301 [webkit] › e2e/gallery-deal.spec.ts:514:1 › guard: a PRISTINE mounted board deals across with no ribbon (the source-arm control) (14.1s)
  ✓  305 [webkit] › e2e/gallery-deal.spec.ts:561:1 › deal: a same-game deal rides the BRIDGE — the staged pair, and no remount (12.0s)
  ✓  306 [webkit] › e2e/gallery-deal.spec.ts:581:1 › deal: a same-game deal issued BEFORE the scene mounts still lands the staged pair (13.6s)
  ✓  303 [webkit] › e2e/gallery-deal.spec.ts:531:1 › deal: a cross-game deal lands the TARGET game at the STAGED pair (16.8s)
  ✓  308 [webkit] › e2e/gallery-deal.spec.ts:652:1 › safe verb: `start` HONOURS the staged pair (a game with no board has none to restore) (19.2s)
  ✓  302 [webkit] › e2e/futoshiki.spec.ts:166:1 › solve: a fresh generated board solves to solve-success (23.5s)
  ✓  309 [webkit] › e2e/gallery-deal.spec.ts:670:1 › safe verb: `resume` PRINTS the saved pair the moment the chips wander off it (20.9s)
  ✓  313 [webkit] › e2e/gallery-guard.spec.ts:58:1 › dropdown retired: the wordmark opens the gallery; no listbox affordance remains (16.0s)
  ✓  304 [webkit] › e2e/gallery-deal.spec.ts:192:1 › cold start: an UNMOUNTED game reports its saved board and offers resume (25.3s)
  ✓  310 [webkit] › e2e/gallery-deal.spec.ts:707:1 › safe verb: a wandered pair cannot OUTLIVE the transaction (20.9s)
  ✓  312 [webkit] › e2e/gallery-deal.spec.ts:735:1 › a11y: the live region carries the staged pair and the board state (20.7s)
  ✓  307 [webkit] › e2e/gallery-deal.spec.ts:220:1 › cold start: a game with NO board offers start, and the card keeps its range line (23.9s)
  ✓  314 [webkit] › e2e/gallery-guard.spec.ts:78:1 › snap chime: the centered card carries a scribble underline; flanks do not (14.3s)
  ✓  311 [webkit] › e2e/gallery-deal.spec.ts:285:1 › guard: the NEGATIVE control — an untouched target board deals straight through (25.2s)
  ✓  317 [webkit] › e2e/gallery-guard.spec.ts:146:1 › guard: a pristine board switches to a different game with no ribbon (16.8s)
  ✓  316 [webkit] › e2e/gallery-guard.spec.ts:126:1 › guard: keep dismisses the deal ribbon, stays in the gallery, board unchanged (19.3s)
  ✓  318 [webkit] › e2e/gallery-guard.spec.ts:160:1 › guard: selecting the same game never asks, even when the board is dirty (18.4s)
  ✓  315 [webkit] › e2e/gallery-guard.spec.ts:99:1 › guard: a solo dirty select switches freely, and the marks are there on return (26.9s)
  ✓  320 [webkit] › e2e/gallery.spec.ts:107:1 › gallery: ?view=gallery lands in the carousel — listbox roles, labels, focus, pips (16.5s)
  ✓  322 [webkit] › e2e/gallery.spec.ts:183:1 › gallery: Enter on futoshiki selects it — board swaps, ?game set, ?view cleared (18.4s)
  ✓  319 [webkit] › e2e/gallery-guard.spec.ts:213:1 › guard: the armed ribbon is anchored on the chosen card, not on the deck frame (24.2s)
  ✓  321 [webkit] › e2e/gallery.spec.ts:145:1 › gallery: keyboard step moves the snap, announces it, and updates aria + pips (20.5s)
  ✓  323 [webkit] › e2e/gallery.spec.ts:199:1 › gallery: Escape cancels back to the board, no swap, ?view cleared (14.0s)
  ✓  324 [webkit] › e2e/gallery.spec.ts:235:3 › gallery: Escape still exits with focus moved off the listbox by a staged chip (15.8s)
  ✓  325 [webkit] › e2e/gallery.spec.ts:235:3 › gallery: Escape still exits with focus moved off the listbox by a page pip (15.9s)
  ✓  328 [webkit] › e2e/gallery.spec.ts:253:1 › gallery: `g` opens the gallery from playing; a `g` typed into a cell does not (13.4s)
  ✓  326 [webkit] › e2e/gallery.spec.ts:235:3 › gallery: Escape still exits with focus moved off the listbox by bare page (14.9s)
  ✓  327 [webkit] › e2e/gallery.spec.ts:279:1 › gallery: only the centered card boils — a flank frame is inert + frozen (14.7s)
  ✓  329 [webkit] › e2e/gallery.spec.ts:308:3 › gallery under prefers-reduced-motion › PRM: open is an instant cut — gallery present, no tweening (11.6s)
  ✓  332 [webkit] › e2e/gallery.spec.ts:556:1 › drag: a flick whose every move lands inside the sample floor is still a flick (16.2s)
  ✓  333 [webkit] › e2e/gallery.spec.ts:606:1 › drag: a slow first sample does not swallow the flick that follows it (15.9s)
  ✓  334 [webkit] › e2e/gallery.spec.ts:653:1 › drag: a release that lands a frame after the last move is still a flick (15.4s)
  ✓  330 [webkit] › e2e/gallery.spec.ts:521:1 › drag: a flick moves exactly one card; a release over the centered card selects nothing (22.7s)
  ✓  331 [webkit] › e2e/gallery.spec.ts:480:1 › drag: pushing the deck left advances the snap and announces it (26.6s)
  ✓  336 [webkit] › e2e/gallery.spec.ts:765:1 › click: a flank warps the deck to it, aria + the live region following the same seam (18.3s)
  ✓  338 [webkit] › e2e/gallery.spec.ts:824:1 › drag: a release that lands over a FLANK is swallowed, not taken as a warp (18.5s)
  ✓  335 [webkit] › e2e/gallery.spec.ts:704:1 › drag: a grab during a keyboard glide freezes the deck where it is drawn (21.7s)
  ✓  337 [webkit] › e2e/gallery.spec.ts:801:1 › click: the card the warp delivered then SELECTS on the next click (20.6s)
  ✓  342 [webkit] › e2e/gallery.spec.ts:1032:3 › gallery on a 375 phone › 375: one card near-fills the width, a neighbor peeks, pips present (11.6s)
  ✓  341 [webkit] › e2e/gallery.spec.ts:995:1 › CH-67: every settled wordmark bake is minted at the size it is shown at (17.6s)
  ✓  340 [webkit] › e2e/gallery.spec.ts:903:1 › header: the masthead persists in the gallery, names the snapped card, and is inert there (19.0s)
  ✓  345 [webkit] › e2e/join-language-prm.spec.ts:129:1 › a peer’s ghost lands drawn — tier 4 sketches on nowhere (11.1s)
  ✓  344 [webkit] › e2e/join-language-prm.spec.ts:60:1 › a join renders no ring at all, and the row lands open and written (22.2s)
  ✓  343 [webkit] › e2e/join-language-prm.spec.ts:106:1 › a departure is gone the same frame: no held row, no retreating ring (27.4s)
  ✘  339 [webkit] › e2e/gallery.spec.ts:860:1 › drag: kenken — the LAST card — is reachable by dragging (33.1s)
  ✓  346 [webkit] › e2e/join-language.spec.ts:107:1 › the ring is baked geometry: it mints no filter, in either engine (25.8s)
  ✘  347 [webkit] › e2e/join-language.spec.ts:69:1 › a join rings the board, in the joiner’s own ink, once (25.8s)
  ✘  348 [webkit] › e2e/join-language.spec.ts:134:1 › the roster row is the other half: the name lands in their ink, and the well says who (31.1s)
  ✓  354 [webkit] › e2e/mobile-platform.spec.ts:90:3 › ios-discipline (iPhone-geometry coarse) › the board scene contains overscroll (no rubber-band / scroll-chain) (11.2s)
  ✘  350 [webkit] › e2e/masthead-alignment.spec.ts:112:5 › M17 — the head line › the badge and the celestial hang from one rule (dark) (33.0s)
  ✘  349 [webkit] › e2e/masthead-alignment.spec.ts:112:5 › M17 — the head line › the badge and the celestial hang from one rule (light) (35.2s)
  ✘  351 [webkit] › e2e/masthead-alignment.spec.ts:158:5 › M18 — the board rule › the board hangs from the title at 1280, in all five games (34.6s)
  ✓  355 [webkit] › e2e/mobile-platform.spec.ts:180:3 › ios-discipline (iPhone-geometry coarse) › viewport opts into the notch + the fixed toggle pads clear of the safe area (9.6s)
  ✘  352 [webkit] › e2e/masthead-alignment.spec.ts:158:5 › M18 — the board rule › the board hangs from the title at 1440, in all five games (31.0s)
  ✓  353 [webkit] › e2e/masthead-alignment.spec.ts:231:3 › M20 — the dock stays a phone regime › a tall landscape window keeps the masthead above the board (29.1s)
  ✓  356 [webkit] › e2e/mobile-platform.spec.ts:649:3 › landscape phone (~844×390, coarse) › no horizontal overflow; entry works (5.9s)
  ✓  360 [webkit] › e2e/multiplayer.spec.ts:140:1 › solo boot opens no room, and pays no bytes for one (5.5s)
  ✓  358 [webkit] › e2e/mobile-platform.spec.ts:677:3 › large iPad landscape (≥1024, coarse → desktop drawer layout) › the drawer tab is a clean ≥44px tap target and toggles the rail (6.3s)
  ✓  359 [webkit] › e2e/mobile-platform.spec.ts:101:3 › ios-discipline (iPhone-geometry coarse) › game surfaces suppress selection + the double-tap-zoom delay (long-press-clean) (8.6s)
  ✓  363 [webkit] › e2e/multiplayer.spec.ts:162:1 › the invite carries the board, and both pages sit at one table (13.4s)
  ✓  361 [webkit] › e2e/mobile-platform.spec.ts:144:3 › ios-discipline (iPhone-geometry coarse) › tap-highlight + text-size-adjust are delivered (preflight) app-wide (10.5s)
  ✓  357 [webkit] › e2e/masthead-alignment.spec.ts:278:3 › M20 — the dock stays a phone regime › the dock itself stands at landscape phones (19.9s)
  ✓  364 [webkit] › e2e/multiplayer.spec.ts:200:1 › a digit crosses both ways, and it arrives in its author's ink (18.6s)
  ✓  362 [webkit] › e2e/mobile-platform.spec.ts:288:3 › keyboard-avoid (emulated visualViewport) › a focused below-fold cell scrolls clear of the emulated keyboard band (15.6s)
  ✓  365 [webkit] › e2e/mobile-platform.spec.ts:352:3 › keyboard-avoid (emulated visualViewport) › a viewport wobble with nothing focused publishes no band, and the board holds still (15.0s)
  ✓  366 [webkit] › e2e/mobile-platform.spec.ts:432:3 › the 296px keypad band (measured constant, driven through the composable) › with the keypad up, every control seats clear of the band at scrollY 0 (18.5s)
  ✓  367 [webkit] › e2e/multiplayer.spec.ts:241:1 › last writer wins the cell, on both pages (28.9s)
  ✓  368 [webkit] › e2e/multiplayer.spec.ts:265:1 › undo skips a cell a peer has taken — your move is spent, their digit stands (27.9s)
  ✓  369 [webkit] › e2e/multiplayer.spec.ts:291:1 › an undo is a move the room sees: the digit leaves both boards, and redo restores it (28.2s)
  ✓  373 [webkit] › e2e/multiplayer.spec.ts:385:1 › leaving drops the room, the roster, and the parameter (20.8s)
  ✓  371 [webkit] › e2e/mobile-platform.spec.ts:663:3 › iPad portrait (<1024, coarse, stacked) › no horizontal overflow; entry works (21.9s)
  ✘  370 [webkit] › e2e/multiplayer.spec.ts:320:1 › a deal is an epoch: both boards follow, and neither undo stack crosses it (31.8s)
  ✘  372 [webkit] › e2e/multiplayer.spec.ts:347:1 › the table says connecting until the room answers, then shows who is at it (30.1s)
  ✓  374 [webkit] › e2e/multiplayer.spec.ts:502:1 › the wordmark holds through the join, under an op flood arriving mid-boot (36.8s)
  ✓  381 [webkit] › e2e/permalink.spec.ts:31:1 › board-only ?board= URL loads the encoded board (sudoku) (12.4s)
  ✘  377 [webkit] › e2e/multiplayer.spec.ts:649:1 › a joiner arriving mid-game adopts the whole board, then syncs both ways (33.6s)
  ✘  379 [webkit] › e2e/multiplayer.spec.ts:728:1 › a page that reloads mid-session comes back to the same table and the same board (34.5s)
  ✓  376 [webkit] › e2e/multiplayer.spec.ts:610:1 › a player leaves mid-flood: the rosters prune and the survivors keep writing (48.0s)
  ✓  382 [webkit] › e2e/permalink.spec.ts:45:1 › mismatched ?board=/?size= falls closed to the size path (sudoku) (9.9s)
  ✓  380 [webkit] › e2e/multiplayer.spec.ts:854:1 › two phones sit at one table, and the well is reachable with the sheet shut (40.9s)
  ✓  383 [webkit] › e2e/permalink.spec.ts:118:1 › board-only ?board= loads a futoshiki board with its inequalities, randomize drops it (7.0s)
  ✓  384 [webkit] › e2e/permalink.spec.ts:102:1 › the share affordance writes ?board= on the explicit act (sudoku) (8.6s)
  ✓  385 [webkit] › e2e/permalink.spec.ts:139:1 › an untagged ?board= body fails closed, never a board (sudoku) (5.8s)
  ✓  375 [webkit] › e2e/multiplayer.spec.ts:555:1 › four pages, one board: every roster, every ink, every digit, one contended cell (1.1m)
  -  390 [webkit] › e2e/multiplayer.spec.ts:950:1 › the real relay carries the board with RTCPeerConnection deleted
  ✓  386 [webkit] › e2e/permalink.spec.ts:189:3 › share writes a REAL ?board= and it round-trips the board (thermo) (13.2s)
  ✓  389 [webkit] › e2e/permalink.spec.ts:189:3 › share writes a REAL ?board= and it round-trips the board (kenken) (12.6s)
  ✓  393 [webkit] › e2e/prm-void-audition.spec.ts:95:5 › PRM route audition @playwright/test 1.61.1 › the nested fixture route — test.use({ contextOptions }) › LANDS: the void is the dedicated option, not the fixture plumbing (1.9s)
  ✓  392 [webkit] › e2e/prm-void-audition.spec.ts:71:5 › PRM route audition @playwright/test 1.61.1 › the fixture route — test.use({ reducedMotion }) › VOID: the declared option never reaches the page (5.1s)
  ✓  388 [webkit] › e2e/permalink.spec.ts:189:3 › share writes a REAL ?board= and it round-trips the board (killer) (14.6s)
  ✓  395 [webkit] › e2e/prm-void-audition.spec.ts:131:3 › PRM route audition @playwright/test 1.61.1 › the dead declarations are still on disk to be auditioned (217ms)
  ✓  394 [webkit] › e2e/prm-void-audition.spec.ts:114:3 › PRM route audition @playwright/test 1.61.1 › CONTROL: the same option through browser.newContext() DOES land (2.0s)
  ✓  400 [webkit] › e2e/session-substrate.spec.ts:261:1 › a digit is on disk the moment its board stops being the live face (12.0s)
  ✓  378 [webkit] › e2e/multiplayer.spec.ts:683:1 › three hundred ops as fast as the wire takes them, and the boards are one board (1.5m)
  -  403 [webkit] › e2e/share-truth.spec.ts:63:1 › sudoku share success: label + aria confirm AND the clipboard holds the link
  ✘  391 [webkit] › e2e/presence.spec.ts:177:1 › a page that dies without a bye leaves the roster on a clock, and the quiet pages keep theirs (37.5s)
  ✓  401 [webkit] › e2e/permalink.spec.ts:89:1 › randomize drops ?board= from the URL (sudoku) (24.7s)
  ✓  399 [webkit] › e2e/session-substrate.spec.ts:132:1 › one page switches game and the whole table turns the page with it (38.2s)
  ✓  396 [webkit] › e2e/session-substrate.spec.ts:99:1 › a size-changing deal re-dimensions the whole table, not just the dealer (38.6s)
  ✓  398 [webkit] › e2e/permalink.spec.ts:57:1 › game switch leaves no foreign board/size params in the URL (30.0s)
  ✓  404 [webkit] › e2e/share-truth.spec.ts:97:1 › sudoku share failure: "couldn't copy" signal, link still live in the address bar (12.7s)
  ✓  397 [webkit] › e2e/session-substrate.spec.ts:197:1 › leave a table and come back to it: same name, same row, your digits still yours (39.8s)
  ✓  387 [webkit] › e2e/multiplayer.spec.ts:882:1 › a digit tapped on a phone crosses, and the sheet does not move under the traffic (51.9s)
  ✓  402 [webkit] › e2e/session-substrate.spec.ts:313:1 › a still draws a peer's digit in the peer's ink, not the reader's (32.0s)
  ✓  405 [webkit] › e2e/share-truth.spec.ts:158:1 › futoshiki corrupt ?board= surfaces the margin-voice notice (twin) (7.2s)
  -  413 [webkit] › e2e/spoken-controls.spec.ts:324:3 › §3.6 the copy act reaches AT › the outcome is spoken, and the name agrees with the label at every beat
  ✓  406 [webkit] › e2e/share-truth.spec.ts:149:1 › sudoku corrupt ?board= surfaces the margin-voice notice (10.2s)
  ✓  408 [webkit] › e2e/spoken-controls.spec.ts:213:5 › §3.1 the occlusion law — 390x844 › a keystroke cannot land on a cell the sheet is painting over (12.4s)
  ✓  411 [webkit] › e2e/spoken-controls.spec.ts:272:3 › §3.5 deals and forced fills announce › a deal says a board arrived, and says what board (11.8s)
  ✓  410 [webkit] › e2e/spoken-controls.spec.ts:213:5 › §3.1 the occlusion law — 768x1024 › a keystroke cannot land on a cell the sheet is painting over (15.6s)
  ✓  412 [webkit] › e2e/spoken-controls.spec.ts:291:3 › §3.5 deals and forced fills announce › a forced fill says how many squares it filled (9.8s)
  ✓  414 [webkit] › e2e/spoken-gallery.spec.ts:93:1 › deck exit by Escape hands focus back to the wordmark that opened it (10.5s)
  ✓  415 [webkit] › e2e/spoken-gallery.spec.ts:105:1 › deck exit by Enter on the SAME game hands focus back (10.4s)
  ✓  416 [webkit] › e2e/spoken-gallery.spec.ts:120:1 › deck exit by Enter on ANOTHER game hands focus back (13.2s)
  ✓  417 [webkit] › e2e/spoken-gallery.spec.ts:136:1 › deck exit by `d` to deal hands focus back (13.1s)
  ✓  418 [webkit] › e2e/spoken-gallery.spec.ts:150:1 › deck entered by `g` hands focus back to the control that held it, not to the wordmark (11.0s)
  ✓  407 [webkit] › e2e/spoken-controls.spec.ts:174:5 › §3.1 the occlusion law — 390x844 › the risen sheet takes the covered board out of the tab route (31.0s)
  ✓  421 [webkit] › e2e/spoken-gallery.spec.ts:308:1 › the head is read in the order it is painted, at every width (9.7s)
  ✓  419 [webkit] › e2e/spoken-gallery.spec.ts:178:1 › an Escape taken with focus OUTSIDE the deck does not steal focus back (13.1s)
  ✓  420 [webkit] › e2e/spoken-gallery.spec.ts:236:1 › the deck focus ring rides the ACTIVE option, not the clipping scrollport (11.8s)
  ✘  409 [webkit] › e2e/spoken-controls.spec.ts:174:5 › §3.1 the occlusion law — 768x1024 › the risen sheet takes the covered board out of the tab route (31.8s)
  ✓  422 [webkit] › e2e/sudoku-interaction.spec.ts:51:1 › valid solution: randomize → solve → success state + all cells filled (11.2s)
  ✓  425 [webkit] › e2e/sudoku-interaction.spec.ts:103:1 › consecutive solve: values remain unchanged on second solve (13.8s)
  ✓  424 [webkit] › e2e/sudoku-interaction.spec.ts:69:1 › invalid solution: solve → edit cell → state reverts to idle (16.8s)
  ✓  426 [webkit] › e2e/sudoku-interaction.spec.ts:136:1 › given cells use foreground ink, solved cells use solver-ink (15.6s)
  ✓  428 [webkit] › e2e/sudoku-interaction.spec.ts:224:1 › solve failure: conflicting user values produce solve-failure state (14.4s)
  ✓  429 [webkit] › e2e/sudoku-interaction.spec.ts:279:1 › noise animation: randomize produces multiple unique reveal delays (14.1s)
  ✓  427 [webkit] › e2e/sudoku-interaction.spec.ts:173:1 › given cells are inviolable: a keystroke and a Backspace are both refused (16.4s)
  ✓  423 [webkit] › e2e/share-truth.spec.ts:122:1 › futoshiki share failure: the same "couldn't copy" signal (twin) (12.5s)
[W2-§2.2] 844×390 {"openersVisible":{"drawerTab":true,"foldTools":false,"drawerHandle":false},"openerGeom":{"drawerTab":{"box":[597,166.6,48,92],"display":"block","belowFold":-223.41},"foldTools":{"box":[0,0,0,0],"display":"none","belowFold":-390},"drawerHandle":{"box":[756,390,0,0],"display":"block","belowFold":0}},"dealInFirstScreen":false,"dealGeom":{"box":[394,546.2,56,70.4],"display":"flex","belowFold":156.22},"levelInFirstScreen":false,"statusResidue":19.19,"docScrollH":409,"innerH":390,"mqPortrait":false,"mqStacked":true}
  ✓  431 [webkit] › e2e/viewport-law.spec.ts:195:5 › §2.2 short landscape @ 844×390 › §2.2 the deal/level controls are one visible, cued gesture away in short landscape (5.7s)
[W2-§2.2] 812×375 {"openersVisible":{"drawerTab":true,"foldTools":false,"drawerHandle":false},"openerGeom":{"drawerTab":{"box":[573.5,159.1,48,92],"display":"block","belowFold":-215.91},"foldTools":{"box":[0,0,0,0],"display":"none","belowFold":-375},"drawerHandle":{"box":[724,375,0,0],"display":"block","belowFold":0}},"dealInFirstScreen":false,"dealGeom":{"box":[378,531.2,56,70.4],"display":"flex","belowFold":156.22},"levelInFirstScreen":false,"statusResidue":19.19,"docScrollH":394,"innerH":375,"mqPortrait":false,"mqStacked":true}
  ✓  432 [webkit] › e2e/viewport-law.spec.ts:195:5 › §2.2 short landscape @ 812×375 › §2.2 the deal/level controls are one visible, cued gesture away in short landscape (7.5s)
[W2-§2.6 rail] {"max":504,"rows":[{"tag":"new game","position":"sticky","wellInView":0.922,"tagVisFrac":1},{"tag":"pencils","unreachable":"needs scrollTop 599.1 of 504"},{"tag":"checking","unreachable":"needs scrollTop 829.1 of 504"},{"tag":"players","unreachable":"well is 66.7px tall"}]}
  ✓  435 [webkit] › e2e/viewport-law.spec.ts:575:3 › §2.6 the section tag pins @ 1440×900 (the rail) › §2.6 a section tag stays pinned while its group is in view (desktop rail) (8.8s)
[W2-§2.7] 375×812 {"tab":[271,555.9,92,48],"paper":[12,210.9,351,351],"gapToPaper":-6,"gapToShell":-35.2}
[W2-§2.6 drawer] {"max":248,"rows":[{"tag":"new game","position":"sticky","wellInView":0.835,"tagVisFrac":1},{"tag":"pencils","unreachable":"needs scrollTop 361.7 of 248"},{"tag":"checking","unreachable":"well is 66.4px tall"},{"tag":"players","unreachable":"well is 70.3px tall"}]}
[W2-§2.7] 390×844 {"tab":[286,579.4,92,48],"paper":[12,219.4,366,366],"gapToPaper":-6,"gapToShell":-35.2}
  ✓  436 [webkit] › e2e/viewport-law.spec.ts:610:3 › §2.6 the section tag pins @ 375×667 (the drawer) › §2.6 a section tag stays pinned while its group is in view (mobile drawer) (10.0s)
[W2-§2.4] toggle=[863.8,59.8,112.3,112.3] overlaps=[] thefts=[]
  ✓  438 [webkit] › e2e/viewport-law.spec.ts:664:5 › §2.7 the controls entry rides the board @ 375×812 › §2.7 the controls entry is attached to the board's bottom edge, not floating below it (7.6s)
  ✓  437 [webkit] › e2e/viewport-law.spec.ts:664:5 › §2.7 the controls entry rides the board @ 390×844 › §2.7 the controls entry is attached to the board's bottom edge, not floating below it (8.1s)
  ✓  434 [webkit] › e2e/viewport-law.spec.ts:287:3 › §2.4 the toggle stops stealing @ 1024×768 › §2.4 no click on a control that shares the toggle box flips the theme (12.3s)
[W2-§2.7] 430×932 {"tab":[326,643.4,92,48],"paper":[12,243.4,406,406],"gapToPaper":-6,"gapToShell":-35.2}
  ✓  439 [webkit] › e2e/viewport-law.spec.ts:664:5 › §2.7 the controls entry rides the board @ 430×932 › §2.7 the controls entry is attached to the board's bottom edge, not floating below it (7.4s)
[W2-BASELINE M01 toolbar] {"toolbarButtons":[{"text":"Undo","label":"Undo last move","fontPx":16,"w":46,"h":56},{"text":"Redo","label":"Redo move","fontPx":16,"w":46,"h":56},{"text":"Hint","label":"Reveal a hint in the selected cell","fontPx":16,"w":46,"h":56},{"text":"peek","label":null,"fontPx":16,"w":59.8,"h":44}],"toolbarSublabels":[{"text":"Undo","label":null,"fontPx":14,"w":24.4,"h":14},{"text":"Redo","label":null,"fontPx":14,"w":23.5,"h":14},{"text":"Hint","label":null,"fontPx":14,"w":21.6,"h":14}]}
  ✘  430 [webkit] › e2e/viewport-law.spec.ts:136:5 › §2.1 deck names @ 844×390 › §2.1 every game name on the deck is legible at first paint or one cued step away (22.3s)
[W2-BASELINE §2.3] 1280×800 {"maxHeight":"608px","clientH":608,"scrollH":1142,"hidden":534,"gutter":6,"scrollbarWidth":"auto","scrollPaddingBottom":"121px","straddle":[{"cls":"outline-container tray-well","label":"pencilsmarksnormal w","cut":49.3,"visFrac":0.231},{"cls":"zone-row zone-row-stacked","label":"marksnormal writes a","cut":38.1,"visFrac":0.265},{"cls":"ctrl-btn rounded-md px-3 py-1.5 text-center ","label":"Normal","cut":22.7,"visFrac":0.596}],"playBelowFold":349.8}
[W2-BASELINE §2.3] 1440×900 {"maxHeight":"640px","clientH":640,"scrollH":1144,"hidden":504,"gutter":6,"scrollbarWidth":"auto","scrollPaddingBottom":"122px","straddle":[{"cls":"outline-container tray-well","label":"pencilsmarksnormal w","cut":80.9,"visFrac":0.378},{"cls":"zone-row zone-row-stacked","label":"marksnormal writes a","cut":69.7,"visFrac":0.483},{"cls":"ctrl-btn rounded-md px-3 py-1.5 text-center ","label":"Corner","cut":8.7,"visFrac":0.229}],"playBelowFold":319}
[W2-BASELINE M01 drawer] {"options":[{"text":"4×4","fontPx":20,"w":60,"h":44},{"text":"9×9","fontPx":20,"w":60,"h":44},{"text":"16×16","fontPx":20,"w":84,"h":44},{"text":"Easy","fontPx":20,"w":0,"h":0},{"text":"Medium","fontPx":20,"w":0,"h":0},{"text":"Hard","fontPx":20,"w":0,"h":0},{"text":"Normal","fontPx":20,"w":96.9,"h":44},{"text":"Corner","fontPx":20,"w":96.9,"h":44},{"text":"Center","fontPx":20,"w":96.9,"h":44},{"text":"Off","fontPx":20,"w":60.9,"h":44},{"text":"On","fontPx":20,"w":48.6,"h":44},{"text":"Off","fontPx":20,"w":60.9,"h":44},{"text":"Ask","fontPx":20,"w":60.6,"h":44},{"text":"Live","fontPx":20,"w":72.6,"h":44}],"iconButtons":[{"text":"Deal","fontPx":16,"w":56,"h":70.4},{"text":"Play","fontPx":16,"w":358,"h":56},{"text":"Clear","fontPx":16,"w":48,"h":58},{"text":"Fill","fontPx":16,"w":48,"h":58},{"text":"Solve","fontPx":16,"w":48,"h":58},{"text":"Share","fontPx":16,"w":48,"h":58}],"sublabels":[{"text":"Deal","fontPx":16,"w":24.8,"h":16},{"text":"Play","fontPx":14,"w":22.5,"h":14},{"text":"Clear","fontPx":14,"w":27.4,"h":14},{"text":"Fill","fontPx":14,"w":17,"h":14},{"text":"Solve","fontPx":14,"w":27.7,"h":14},{"text":"Share","fontPx":14,"w":29.5,"h":14}],"tags":[{"text":"new game","fontPx":14,"w":64.5,"h":23.2},{"text":"pencils","fontPx":14,"w":51,"h":22},{"text":"checking","fontPx":14,"w":59.8,"h":22.7},{"text":"players","fontPx":14,"w":53.1,"h":22.7}],"rowLabels":[{"text":"marks","fontPx":14,"w":60,"h":15.4},{"text":"candidates","fontPx":14,"w":60,"h":15.4}]}
[W2-BASELINE M01 notRendered] [{"text":"Easy","fontPx":20,"w":0,"h":0},{"text":"Medium","fontPx":20,"w":0,"h":0},{"text":"Hard","fontPx":20,"w":0,"h":0}]
  ✓  442 [webkit] › e2e/viewport-law.spec.ts:798:5 › BASELINE the controls-card fold @ 1280×800 (§2.3) › BASELINE §2.3 — the card cap, the scroll gutter, and what straddles the fold (6.3s)
  ✓  441 [webkit] › e2e/viewport-law.spec.ts:798:5 › BASELINE the controls-card fold @ 1440×900 (§2.3) › BASELINE §2.3 — the card cap, the scroll gutter, and what straddles the fold (6.4s)
  ✓  440 [webkit] › e2e/viewport-law.spec.ts:720:3 › BASELINE the mobile type + tap scale @ 390×844 (M01) › BASELINE M01 — the toolbar and drawer option scale, banked for W7 (8.6s)
  ✓  444 [webkit] › e2e/visual-regression.spec.ts:231:1 › dark mode: celestial swap, control panel carries no filter, DOM contract (6.9s)
  ✓  446 [webkit] › e2e/visual-regression.spec.ts:263:1 › grid draw-in completes and path-based boil activates (8.0s)
  ✓  443 [webkit] › e2e/visual-regression.spec.ts:124:1 › light mode: layout, styles, filters, DOM contract (12.1s)
  ✓  449 [webkit] › e2e/visual-regression.spec.ts:466:1 › the Deal die is not crushed: the commit verb's box fits its own content (6.8s)
  ✓  448 [webkit] › e2e/visual-regression.spec.ts:388:1 › graceful degradation: UI renders without backend API (8.9s)
  ✓  450 [webkit] › e2e/visual-regression.spec.ts:544:1 › the glass curve is the same curve in both layers (8.7s)
  ✓  451 [webkit] › e2e/visual-regression.spec.ts:569:1 › the deal receipt keeps off the commit verb, hover included (10.6s)
  ✓  447 [webkit] › e2e/visual-regression.spec.ts:404:1 › size switching: 4x4, 9x9, 16x16 all render grid lines (18.6s)
  ✓  454 [webkit] › e2e/visual-regression.spec.ts:875:1 › toggle warp rest pose: wrung into the page, no carousel travel (9.5s)
  ✓  453 [webkit] › e2e/visual-regression.spec.ts:790:1 › the iPad coarse card stays under the P1 seal: the chip seam is PAID for (11.3s)
  ✓  455 [webkit] › e2e/zone-grammar.spec.ts:55:1 › rendered-name census, rail: two eyebrows, four tapes, two captions — and the counter can see an injected one (9.0s)
[W2-§2.5] 1440×900 overlaps=[]
  ✓  433 [webkit] › e2e/viewport-law.spec.ts:396:3 › §2.5 the washi tape yields @ 1440×900 › §2.5 no washi tape covers any part of an interactive element (43.8s)
  ✓  452 [webkit] › e2e/visual-regression.spec.ts:707:1 › option chips keep their separation: ≥6px between neighbours, both axes (17.0s)
  ✓  456 [webkit] › e2e/zone-grammar.spec.ts:127:1 › every zone is named by its own VISIBLE tape — the accessible name and the drawn one are one string (8.5s)
[W2-§2.1] 1440×640 [{"name":"sudoku","visFrac":1},{"name":"futoshiki","visFrac":1},{"name":"thermo","visFrac":1},{"name":"killer","visFrac":1},{"name":"kenken","visFrac":1}]
  ✓  458 [webkit] › e2e/zone-grammar.spec.ts:227:1 › the staged headings are HEADINGS for assistive tech — decided one way, not both (9.8s)
  ✓  445 [webkit] › e2e/viewport-law.spec.ts:136:5 › §2.1 deck names @ 1440×640 › §2.1 every game name on the deck is legible at first paint or one cued step away (27.8s)
  ✓  459 [webkit] › e2e/zone-grammar.spec.ts:270:1 › selection is announced: every option chip carries aria-pressed, exactly one per group (10.0s)
  ✓  457 [webkit] › e2e/zone-grammar.spec.ts:179:1 › the permanent tape is a LABEL, not a tooltip — and the surface it names has a name (12.1s)
  ✓  460 [webkit] › e2e/zone-grammar.spec.ts:319:1 › the action bar rides the card's own scrollport — at the TOP of a 1039px card, not only at its end (11.1s)
  ✓  461 [webkit] › e2e/zone-grammar.spec.ts:359:1 › a frozen well mints ONE pose node and promotes nothing (the HandDrawnOutline prune) (10.2s)
  ✓  462 [webkit] › e2e/zone-grammar.spec.ts:426:3 › coarse row regime (≥1024) › the pair branch keeps a 44px floor in BOTH dimensions, where the branch exists (10.9s)
  ✓  465 [webkit] › e2e/zone-grammar.spec.ts:591:3 › coarse regime › the heading lock holds on the CARD too — the regime its rail arm never visits (9.8s)
  ✓  464 [webkit] › e2e/zone-grammar.spec.ts:548:3 › coarse regime › the coarse card: regime witnessed first, then two eyebrows and a 44px floor in BOTH dimensions (12.3s)
  ✓  466 [webkit] › e2e/zone-grammar.spec.ts:669:3 › coarse regime › the checking well says one thing: its chips (10.0s)
  ✓  463 [webkit] › e2e/visual-regression.spec.ts:322:1 › randomize populates board and blank cells accept input (7.5s)
  ✓  467 [webkit] › e2e/mobile-affordances.spec.ts:145:1 › native bounded entry (sudoku 16×16): two-digit values 10–16 enter whole (21.4s)
  ✓  468 [webkit] › e2e/mobile-affordances.spec.ts:129:1 › native bounded entry (sudoku 9×9): coarse cell raises the numeric keypad, iOS-congruent, 16px floor (24.8s)
  ✓  469 [webkit] › e2e/mobile-affordances.spec.ts:161:1 › native bounded entry (futoshiki twin): coarse cell raises the numeric keypad, iOS-congruent (24.1s)
  ✓  471 [webkit] › e2e/mobile-affordances.spec.ts:233:1 › hint two-press by touch (T4-W7): first tap gives the reasoning, second inks the digit (23.3s)
  ✓  470 [webkit] › e2e/mobile-affordances.spec.ts:184:1 › touch play tools (T4-WM §2): undo / redo / hint tappable at ≥44px, wired, and no sticky hover (31.0s)
  ✓  472 [webkit] › e2e/mobile-affordances.spec.ts:316:1 › long-press peek (T4-WM §3, sudoku): a hold on a cell opens the candidate glimpse; release clears it (18.2s)
  ✓  476 [webkit] › e2e/mobile-affordances.spec.ts:435:1 › Deal is dirty-gated (T4-WU/U3): a pristine board carries no arm; a dirty board arms first (19.7s)
  ✓  474 [webkit] › e2e/mobile-affordances.spec.ts:323:1 › long-press peek (T4-WM §3, futoshiki twin): a hold on a cell opens the candidate glimpse; release clears it (13.6s)
  ✓  473 [webkit] › e2e/mobile-affordances.spec.ts:265:1 › attribution opens on a single tap (T4-WM §2): the coarse focusin+click double-fire no longer nets closed (24.7s)
  ✓  475 [webkit] › e2e/mobile-affordances.spec.ts:339:1 › coarse affordances: persistent peek washi on a ≥44px target, icon sublabels, Clear confirm beat (14.0s)


  1) [chromium] › e2e/font-census.spec.ts:231:1 › the ledger holds BOTH directions across two games and two regimes 

    Test timeout of 30000ms exceeded.

    Error: expect(locator).toBeVisible() failed

    Locator:  locator('#controls-drawer .drawer-case')
    Expected: visible
    Received: undefined


      266 |         if (await tab.isVisible()) {
      267 |           await tab.click();
    > 268 |           await expect(p.locator("#controls-drawer .drawer-case")).toBeVisible();
          |                                                                    ^
      269 |         }
      270 |       }
      271 |       // Settle is POLLED, never slept (the §2 law; CH-63 trigger-1 order for THIS row —
        at /Users/mkbabb/Programming/csc411/CSC411_HW2_ProgrammingQuestion/.claude/worktrees/t9-integrate/web/frontend/e2e/font-census.spec.ts:268:68

    attachment #1: screenshot (image/png) ──────────────────────────────────────────────────────────
    test-results/font-census-the-ledger-hol-273f9-s-two-games-and-two-regimes-chromium/test-failed-1.png
    ────────────────────────────────────────────────────────────────────────────────────────────────

    attachment #2: screenshot (image/png) ──────────────────────────────────────────────────────────
    test-results/font-census-the-ledger-hol-273f9-s-two-games-and-two-regimes-chromium/test-failed-2.png
    ────────────────────────────────────────────────────────────────────────────────────────────────

    attachment #3: screenshot (image/png) ──────────────────────────────────────────────────────────
    test-results/font-census-the-ledger-hol-273f9-s-two-games-and-two-regimes-chromium/test-failed-3.png
    ────────────────────────────────────────────────────────────────────────────────────────────────

    attachment #4: screenshot (image/png) ──────────────────────────────────────────────────────────
    test-results/font-census-the-ledger-hol-273f9-s-two-games-and-two-regimes-chromium/test-failed-5.png
    ────────────────────────────────────────────────────────────────────────────────────────────────

    attachment #5: screenshot (image/png) ──────────────────────────────────────────────────────────
    test-results/font-census-the-ledger-hol-273f9-s-two-games-and-two-regimes-chromium/test-failed-4.png
    ────────────────────────────────────────────────────────────────────────────────────────────────

    Error Context: test-results/font-census-the-ledger-hol-273f9-s-two-games-and-two-regimes-chromium/error-context.md

  2) [chromium] › e2e/gallery.spec.ts:860:1 › drag: kenken — the LAST card — is reachable by dragging 

    Test timeout of 30000ms exceeded.

    Error: mouse.move: Test timeout of 30000ms exceeded.

       96 |     const steps = Math.max(2, Math.ceil(Math.abs(dx) / 10));
       97 |     for (let i = 1; i <= steps; i++) {
    >  98 |       await page.mouse.move(c.x + (dx * i) / steps, c.y);
          |                        ^
       99 |       await page.waitForTimeout(50);
      100 |     }
      101 |   }
        at dragDeck (/Users/mkbabb/Programming/csc411/CSC411_HW2_ProgrammingQuestion/.claude/worktrees/t9-integrate/web/frontend/e2e/gallery.spec.ts:98:24)
        at /Users/mkbabb/Programming/csc411/CSC411_HW2_ProgrammingQuestion/.claude/worktrees/t9-integrate/web/frontend/e2e/gallery.spec.ts:893:31

    attachment #1: screenshot (image/png) ──────────────────────────────────────────────────────────
    test-results/gallery-drag-kenken-—-the--786b3--—-is-reachable-by-dragging-chromium/test-failed-1.png
    ────────────────────────────────────────────────────────────────────────────────────────────────

    Error Context: test-results/gallery-drag-kenken-—-the--786b3--—-is-reachable-by-dragging-chromium/error-context.md

  3) [chromium] › e2e/join-language.spec.ts:107:1 › the ring is baked geometry: it mints no filter, in either engine 

    Error: expect(received).toBeGreaterThan(expected)

    Expected: > 900
    Received:   -1

    Call Log:
    - Timeout 15000ms exceeded while waiting on the predicate

      115 |   const b = await ctx.newPage();
      116 |   await boot(b, link);
    > 117 |   await expect.poll(() => ringFront(a), { timeout: 15_000 }).toBeGreaterThan(900);
          |                                                              ^
      118 |
      119 |   // THE WHOLE POINT OF THE CAST. The trace grammar exists as grain-baked paths precisely so a
      120 |   // second ring costs no filter, and the census's budget of 9 is what that buys. A layer that
        at /Users/mkbabb/Programming/csc411/CSC411_HW2_ProgrammingQuestion/.claude/worktrees/t9-integrate/web/frontend/e2e/join-language.spec.ts:117:62

    attachment #1: screenshot (image/png) ──────────────────────────────────────────────────────────
    test-results/join-language-the-ring-is--d9db1--no-filter-in-either-engine-chromium/test-failed-1.png
    ────────────────────────────────────────────────────────────────────────────────────────────────

    attachment #2: screenshot (image/png) ──────────────────────────────────────────────────────────
    test-results/join-language-the-ring-is--d9db1--no-filter-in-either-engine-chromium/test-failed-2.png
    ────────────────────────────────────────────────────────────────────────────────────────────────

    Error Context: test-results/join-language-the-ring-is--d9db1--no-filter-in-either-engine-chromium/error-context.md

  4) [chromium] › e2e/multiplayer.spec.ts:728:1 › a page that reloads mid-session comes back to the same table and the same board 

    Error: Test timeout of 30000ms exceeded

      767 |   const cell = await firstEmpty(a);
      768 |   await write(a, cell, "3");
    > 769 |   await expect.poll(() => digitAt(b, cell)).toBe("3");
          |                                             ^
      770 |
      771 |   await ctx.close();
      772 | });
        at /Users/mkbabb/Programming/csc411/CSC411_HW2_ProgrammingQuestion/.claude/worktrees/t9-integrate/web/frontend/e2e/multiplayer.spec.ts:769:45

    attachment #1: screenshot (image/png) ──────────────────────────────────────────────────────────
    test-results/multiplayer-a-page-that-re-4bc78-me-table-and-the-same-board-chromium/test-failed-1.png
    ────────────────────────────────────────────────────────────────────────────────────────────────

    attachment #2: screenshot (image/png) ──────────────────────────────────────────────────────────
    test-results/multiplayer-a-page-that-re-4bc78-me-table-and-the-same-board-chromium/test-failed-2.png
    ────────────────────────────────────────────────────────────────────────────────────────────────

    Error Context: test-results/multiplayer-a-page-that-re-4bc78-me-table-and-the-same-board-chromium/error-context.md

  5) [chromium] › e2e/presence.spec.ts:177:1 › a page that dies without a bye leaves the roster on a clock, and the quiet pages keep theirs 

    Error: expect(locator).toHaveCount(expected) failed

    Locator:  locator('.controls-card .players-roster .player-row')
    Expected: 3
    Received: 1
    Timeout:  10000ms

    Call log:
      - Expect "toHaveCount" with timeout 10000ms
      - waiting for locator('.controls-card .players-roster .player-row')
        20 × locator resolved to 1 element
           - unexpected value "1"


      197 |   await c.addInitScript(SWALLOW_BYE);
      198 |   await boot(c, link);
    > 199 |   for (const p of [a, b, c]) await expect(roster(p)).toHaveCount(3);
          |                                                      ^
      200 |
      201 |   // Two digits, so the board has an author still at the table and an author about to stop being
      202 |   // one. C's is the one that has to keep its colour after C is gone.
        at /Users/mkbabb/Programming/csc411/CSC411_HW2_ProgrammingQuestion/.claude/worktrees/t9-integrate/web/frontend/e2e/presence.spec.ts:199:54

    attachment #1: screenshot (image/png) ──────────────────────────────────────────────────────────
    test-results/presence-a-page-that-dies--38b21-the-quiet-pages-keep-theirs-chromium/test-failed-2.png
    ────────────────────────────────────────────────────────────────────────────────────────────────

    attachment #2: screenshot (image/png) ──────────────────────────────────────────────────────────
    test-results/presence-a-page-that-dies--38b21-the-quiet-pages-keep-theirs-chromium/test-failed-3.png
    ────────────────────────────────────────────────────────────────────────────────────────────────

    attachment #3: screenshot (image/png) ──────────────────────────────────────────────────────────
    test-results/presence-a-page-that-dies--38b21-the-quiet-pages-keep-theirs-chromium/test-failed-1.png
    ────────────────────────────────────────────────────────────────────────────────────────────────

    Error Context: test-results/presence-a-page-that-dies--38b21-the-quiet-pages-keep-theirs-chromium/error-context.md

  6) [webkit] › e2e/access.spec.ts:375:3 › 2.3 the roster announces › a join and a leave each move a live region 

    Test timeout of 30000ms exceeded.

    Error: page.waitForTimeout: Test ended.

      412 |     await b.close();
      413 |     await expect(rosterRows(a)).toHaveCount(1);
    > 414 |     await a.waitForTimeout(1200);
          |             ^
      415 |
      416 |     const afterLeave = await liveText(a);
      417 |     expect
        at /Users/mkbabb/Programming/csc411/CSC411_HW2_ProgrammingQuestion/.claude/worktrees/t9-integrate/web/frontend/e2e/access.spec.ts:414:13

    attachment #1: screenshot (image/png) ──────────────────────────────────────────────────────────
    test-results/access-2-3-the-roster-anno-98637-ave-each-move-a-live-region-webkit/test-failed-2.png
    ────────────────────────────────────────────────────────────────────────────────────────────────

    attachment #2: screenshot (image/png) ──────────────────────────────────────────────────────────
    test-results/access-2-3-the-roster-anno-98637-ave-each-move-a-live-region-webkit/test-failed-1.png
    ────────────────────────────────────────────────────────────────────────────────────────────────

    Error Context: test-results/access-2-3-the-roster-anno-98637-ave-each-move-a-live-region-webkit/error-context.md

  7) [webkit] › e2e/drawer.spec.ts:394:3 › drawer below the row regime — LANDSCAPE IS THE DOCK (T9-W2 §2.2, a declared delta on T5-W4 charter (c)) › <1024 landscape: the tab rides the board, the card docks, nothing scrolls 

    Test timeout of 30000ms exceeded.

    Error: page.evaluate: Test timeout of 30000ms exceeded.

      443 |         '#controls-drawer { position: static !important; } html.drawer-closed #controls-drawer { display: block !important; visibility: visible !important; }',
      444 |     });
    > 445 |     const forcedDoc = await page.evaluate(() => document.documentElement.scrollHeight);
          |                                  ^
      446 |     expect(forcedDoc).toBeGreaterThan(geom.innerH);
      447 |   });
      448 | });
        at /Users/mkbabb/Programming/csc411/CSC411_HW2_ProgrammingQuestion/.claude/worktrees/t9-integrate/web/frontend/e2e/drawer.spec.ts:445:34

    attachment #1: screenshot (image/png) ──────────────────────────────────────────────────────────
    test-results/drawer-drawer-below-the-ro-031d7--card-docks-nothing-scrolls-webkit/test-failed-1.png
    ────────────────────────────────────────────────────────────────────────────────────────────────

    Error Context: test-results/drawer-drawer-below-the-ro-031d7--card-docks-nothing-scrolls-webkit/error-context.md

  8) [webkit] › e2e/drawer.spec.ts:453:3 › drawer below the row regime — PORTRAIT is the dock › <1024 portrait: the tongue summons a fixed sheet, and the board never moves 

    Test timeout of 30000ms exceeded.

    attachment #1: screenshot (image/png) ──────────────────────────────────────────────────────────
    test-results/drawer-drawer-below-the-ro-02b64-t-and-the-board-never-moves-webkit/test-failed-1.png
    ────────────────────────────────────────────────────────────────────────────────────────────────

    Error Context: test-results/drawer-drawer-below-the-ro-02b64-t-and-the-board-never-moves-webkit/error-context.md

  9) [webkit] › e2e/font-census.spec.ts:231:1 › the ledger holds BOTH directions across two games and two regimes 

    Test timeout of 30000ms exceeded.

    Error: browserContext.newPage: Test ended.

      247 |       baseURL: test.info().project.use.baseURL,
      248 |     });
    > 249 |     const p = await ctx.newPage();
          |                         ^
      250 |     try {
      251 |       await p.goto(`./?game=${cell.game}&difficulty=EASY`);
      252 |       await p.waitForSelector("svg.handwritten-logo", { timeout: 15000 });
        at /Users/mkbabb/Programming/csc411/CSC411_HW2_ProgrammingQuestion/.claude/worktrees/t9-integrate/web/frontend/e2e/font-census.spec.ts:249:25

    attachment #1: screenshot (image/png) ──────────────────────────────────────────────────────────
    test-results/font-census-the-ledger-hol-273f9-s-two-games-and-two-regimes-webkit/test-failed-1.png
    ────────────────────────────────────────────────────────────────────────────────────────────────

    attachment #2: screenshot (image/png) ──────────────────────────────────────────────────────────
    test-results/font-census-the-ledger-hol-273f9-s-two-games-and-two-regimes-webkit/test-failed-2.png
    ────────────────────────────────────────────────────────────────────────────────────────────────

    Error Context: test-results/font-census-the-ledger-hol-273f9-s-two-games-and-two-regimes-webkit/error-context.md

  10) [webkit] › e2e/futoshiki.spec.ts:107:1 › size switching: 4×4/5×5/6×6/7×7 each change the board cell count 

    Test timeout of 30000ms exceeded.

    Error: locator.click: Test timeout of 30000ms exceeded.
    Call log:
      - waiting for locator('.controls-card button:has-text("6×6")')
        - locator resolved to <button data-v-7c5629e5="" aria-pressed="false" class="ctrl-btn rounded-md px-3 py-1.5 text-center transition-colors duration-150 md:py-0.5 md:text-left text-muted-foreground hover:text-foreground hover-item">6×6</button>
      - attempting click action
        - waiting for element to be visible, enabled and stable
        - element is visible, enabled and stable
        - scrolling into view if needed
        - done scrolling


      118 |   for (const { label, cells } of sizes) {
      119 |     // Desktop-sidebar selector only — a bare :has-text twin lives in the hidden mobile panel.
    > 120 |     await page.locator(`.controls-card button:has-text("${label}")`).click();
          |                                                                      ^
      121 |     // T4-WU/U2 arm-not-live: the size chip STAGES the pending board-size; only Deal commits the
      122 |     // new dimensions (the live re-deal `watch(boardSize)` was retired — a chip tap wipes nothing).
      123 |     await page.locator('.controls-card button[aria-label="Deal a new board"]').click();
        at /Users/mkbabb/Programming/csc411/CSC411_HW2_ProgrammingQuestion/.claude/worktrees/t9-integrate/web/frontend/e2e/futoshiki.spec.ts:120:70

    attachment #1: screenshot (image/png) ──────────────────────────────────────────────────────────
    test-results/futoshiki-size-switching-4-59597-change-the-board-cell-count-webkit/test-failed-1.png
    ────────────────────────────────────────────────────────────────────────────────────────────────

    Error Context: test-results/futoshiki-size-switching-4-59597-change-the-board-cell-count-webkit/error-context.md

  11) [webkit] › e2e/gallery.spec.ts:860:1 › drag: kenken — the LAST card — is reachable by dragging 

    Test timeout of 30000ms exceeded.

    Error: mouse.move: Target page, context or browser has been closed

       96 |     const steps = Math.max(2, Math.ceil(Math.abs(dx) / 10));
       97 |     for (let i = 1; i <= steps; i++) {
    >  98 |       await page.mouse.move(c.x + (dx * i) / steps, c.y);
          |                        ^
       99 |       await page.waitForTimeout(50);
      100 |     }
      101 |   }
        at dragDeck (/Users/mkbabb/Programming/csc411/CSC411_HW2_ProgrammingQuestion/.claude/worktrees/t9-integrate/web/frontend/e2e/gallery.spec.ts:98:24)
        at /Users/mkbabb/Programming/csc411/CSC411_HW2_ProgrammingQuestion/.claude/worktrees/t9-integrate/web/frontend/e2e/gallery.spec.ts:893:31

    attachment #1: screenshot (image/png) ──────────────────────────────────────────────────────────
    test-results/gallery-drag-kenken-—-the--786b3--—-is-reachable-by-dragging-webkit/test-failed-1.png
    ────────────────────────────────────────────────────────────────────────────────────────────────

    Error Context: test-results/gallery-drag-kenken-—-the--786b3--—-is-reachable-by-dragging-webkit/error-context.md

  12) [webkit] › e2e/join-language.spec.ts:69:1 › a join rings the board, in the joiner’s own ink, once 

    Error: expect(received).toBe(expected) // Object.is equality

    Expected: 0
    Received: 4

      83 |   // never two rings' worth, which is what rule 4 forbids and what a second handle would show as.
      84 |   const poses = await a.locator('.join-pose').count();
    > 85 |   expect(poses).toBe(await a.locator('.progress-pose, .join-pose').evaluateAll(
         |                 ^
      86 |     (els) => els.filter((e) => e.classList.contains('join-pose')).length,
      87 |   ));
      88 |   expect(poses).toBeGreaterThan(0);
        at /Users/mkbabb/Programming/csc411/CSC411_HW2_ProgrammingQuestion/.claude/worktrees/t9-integrate/web/frontend/e2e/join-language.spec.ts:85:17

    attachment #1: screenshot (image/png) ──────────────────────────────────────────────────────────
    test-results/join-language-a-join-rings-4ed52-n-the-joiner’s-own-ink-once-webkit/test-failed-1.png
    ────────────────────────────────────────────────────────────────────────────────────────────────

    attachment #2: screenshot (image/png) ──────────────────────────────────────────────────────────
    test-results/join-language-a-join-rings-4ed52-n-the-joiner’s-own-ink-once-webkit/test-failed-2.png
    ────────────────────────────────────────────────────────────────────────────────────────────────

    Error Context: test-results/join-language-a-join-rings-4ed52-n-the-joiner’s-own-ink-once-webkit/error-context.md

  13) [webkit] › e2e/join-language.spec.ts:134:1 › the roster row is the other half: the name lands in their ink, and the well says who 

    Test timeout of 30000ms exceeded.

    attachment #1: screenshot (image/png) ──────────────────────────────────────────────────────────
    test-results/join-language-the-roster-r-bbf60-r-ink-and-the-well-says-who-webkit/test-failed-2.png
    ────────────────────────────────────────────────────────────────────────────────────────────────

    attachment #2: screenshot (image/png) ──────────────────────────────────────────────────────────
    test-results/join-language-the-roster-r-bbf60-r-ink-and-the-well-says-who-webkit/test-failed-1.png
    ────────────────────────────────────────────────────────────────────────────────────────────────

    Error Context: test-results/join-language-the-roster-r-bbf60-r-ink-and-the-well-says-who-webkit/error-context.md

  14) [webkit] › e2e/masthead-alignment.spec.ts:112:5 › M17 — the head line › the badge and the celestial hang from one rule (light) 

    Test timeout of 30000ms exceeded.

    Error: page.waitForSelector: Test timeout of 30000ms exceeded.
    Call log:
      - waiting for locator('.board-wrapper') to be visible


      88 |   await page.waitForSelector('svg.handwritten-logo', { timeout: 15000 });
      89 |   await page.addStyleTag({ content: '.tuner-toggle { display: none !important; }' });
    > 90 |   await page.waitForSelector('.board-wrapper', { timeout: 15000 });
         |              ^
      91 |   // The row settles when the board and the card have stopped resizing each other.
      92 |   let last = '';
      93 |   await expect
        at load (/Users/mkbabb/Programming/csc411/CSC411_HW2_ProgrammingQuestion/.claude/worktrees/t9-integrate/web/frontend/e2e/masthead-alignment.spec.ts:90:14)
        at /Users/mkbabb/Programming/csc411/CSC411_HW2_ProgrammingQuestion/.claude/worktrees/t9-integrate/web/frontend/e2e/masthead-alignment.spec.ts:144:7

    attachment #1: screenshot (image/png) ──────────────────────────────────────────────────────────
    test-results/masthead-alignment-M17-—-t-5674c-l-hang-from-one-rule-light--webkit/test-failed-1.png
    ────────────────────────────────────────────────────────────────────────────────────────────────

    Error Context: test-results/masthead-alignment-M17-—-t-5674c-l-hang-from-one-rule-light--webkit/error-context.md

  15) [webkit] › e2e/masthead-alignment.spec.ts:112:5 › M17 — the head line › the badge and the celestial hang from one rule (dark) 

    Test timeout of 30000ms exceeded.

    Error: page.addStyleTag: Test timeout of 30000ms exceeded.

      87 |   await page.goto(`./?game=${game}`);
      88 |   await page.waitForSelector('svg.handwritten-logo', { timeout: 15000 });
    > 89 |   await page.addStyleTag({ content: '.tuner-toggle { display: none !important; }' });
         |              ^
      90 |   await page.waitForSelector('.board-wrapper', { timeout: 15000 });
      91 |   // The row settles when the board and the card have stopped resizing each other.
      92 |   let last = '';
        at load (/Users/mkbabb/Programming/csc411/CSC411_HW2_ProgrammingQuestion/.claude/worktrees/t9-integrate/web/frontend/e2e/masthead-alignment.spec.ts:89:14)
        at /Users/mkbabb/Programming/csc411/CSC411_HW2_ProgrammingQuestion/.claude/worktrees/t9-integrate/web/frontend/e2e/masthead-alignment.spec.ts:144:7

    attachment #1: screenshot (image/png) ──────────────────────────────────────────────────────────
    test-results/masthead-alignment-M17-—-t-f6cb5-al-hang-from-one-rule-dark--webkit/test-failed-1.png
    ────────────────────────────────────────────────────────────────────────────────────────────────

    Error Context: test-results/masthead-alignment-M17-—-t-f6cb5-al-hang-from-one-rule-dark--webkit/error-context.md

  16) [webkit] › e2e/masthead-alignment.spec.ts:158:5 › M18 — the board rule › the board hangs from the title at 1280, in all five games 

    Test timeout of 30000ms exceeded.

    Error: page.waitForSelector: Test timeout of 30000ms exceeded.
    Call log:
      - waiting for locator('.board-wrapper') to be visible
        - locator resolved to visible <div data-v-f31dc9c0="" class="board-wrapper cartoon-shadow-md bg-card aspect-square w-full rounded-xl transition-[box-shadow] duration-500">…</div>


      88 |   await page.waitForSelector('svg.handwritten-logo', { timeout: 15000 });
      89 |   await page.addStyleTag({ content: '.tuner-toggle { display: none !important; }' });
    > 90 |   await page.waitForSelector('.board-wrapper', { timeout: 15000 });
         |              ^
      91 |   // The row settles when the board and the card have stopped resizing each other.
      92 |   let last = '';
      93 |   await expect
        at load (/Users/mkbabb/Programming/csc411/CSC411_HW2_ProgrammingQuestion/.claude/worktrees/t9-integrate/web/frontend/e2e/masthead-alignment.spec.ts:90:14)
        at /Users/mkbabb/Programming/csc411/CSC411_HW2_ProgrammingQuestion/.claude/worktrees/t9-integrate/web/frontend/e2e/masthead-alignment.spec.ts:162:9

    attachment #1: screenshot (image/png) ──────────────────────────────────────────────────────────
    test-results/masthead-alignment-M18-—-t-c755c-e-at-1280-in-all-five-games-webkit/test-failed-1.png
    ────────────────────────────────────────────────────────────────────────────────────────────────

    Error Context: test-results/masthead-alignment-M18-—-t-c755c-e-at-1280-in-all-five-games-webkit/error-context.md

  17) [webkit] › e2e/masthead-alignment.spec.ts:158:5 › M18 — the board rule › the board hangs from the title at 1440, in all five games 

    Test timeout of 30000ms exceeded.

    Error: page.addStyleTag: Test timeout of 30000ms exceeded.

      87 |   await page.goto(`./?game=${game}`);
      88 |   await page.waitForSelector('svg.handwritten-logo', { timeout: 15000 });
    > 89 |   await page.addStyleTag({ content: '.tuner-toggle { display: none !important; }' });
         |              ^
      90 |   await page.waitForSelector('.board-wrapper', { timeout: 15000 });
      91 |   // The row settles when the board and the card have stopped resizing each other.
      92 |   let last = '';
        at load (/Users/mkbabb/Programming/csc411/CSC411_HW2_ProgrammingQuestion/.claude/worktrees/t9-integrate/web/frontend/e2e/masthead-alignment.spec.ts:89:14)
        at /Users/mkbabb/Programming/csc411/CSC411_HW2_ProgrammingQuestion/.claude/worktrees/t9-integrate/web/frontend/e2e/masthead-alignment.spec.ts:162:9

    attachment #1: screenshot (image/png) ──────────────────────────────────────────────────────────
    test-results/masthead-alignment-M18-—-t-a24ae-e-at-1440-in-all-five-games-webkit/test-failed-1.png
    ────────────────────────────────────────────────────────────────────────────────────────────────

    Error Context: test-results/masthead-alignment-M18-—-t-a24ae-e-at-1440-in-all-five-games-webkit/error-context.md

  18) [webkit] › e2e/multiplayer.spec.ts:320:1 › a deal is an epoch: both boards follow, and neither undo stack crosses it 

    Test timeout of 30000ms exceeded.

    attachment #1: screenshot (image/png) ──────────────────────────────────────────────────────────
    test-results/multiplayer-a-deal-is-an-e-5808c-ither-undo-stack-crosses-it-webkit/test-failed-2.png
    ────────────────────────────────────────────────────────────────────────────────────────────────

    attachment #2: screenshot (image/png) ──────────────────────────────────────────────────────────
    test-results/multiplayer-a-deal-is-an-e-5808c-ither-undo-stack-crosses-it-webkit/test-failed-1.png
    ────────────────────────────────────────────────────────────────────────────────────────────────

    Error Context: test-results/multiplayer-a-deal-is-an-e-5808c-ither-undo-stack-crosses-it-webkit/error-context.md

  19) [webkit] › e2e/multiplayer.spec.ts:347:1 › the table says connecting until the room answers, then shows who is at it 

    Test timeout of 30000ms exceeded.

    Error Context: test-results/multiplayer-the-table-says-088af-ers-then-shows-who-is-at-it-webkit/error-context.md

  20) [webkit] › e2e/multiplayer.spec.ts:649:1 › a joiner arriving mid-game adopts the whole board, then syncs both ways 

    Test timeout of 30000ms exceeded.

    Error: page.evaluate: Test ended.

      93 | /** Every cell's digit, as one string — the same signature the interaction suite settles on. */
      94 | const boardSignature = (page: Page): Promise<string> =>
    > 95 |   page.evaluate(() =>
         |        ^
      96 |     Array.from(
      97 |       document.querySelectorAll(".sudoku-cell input"),
      98 |       (i) => (i as HTMLInputElement).value,
        at boardSignature (/Users/mkbabb/Programming/csc411/CSC411_HW2_ProgrammingQuestion/.claude/worktrees/t9-integrate/web/frontend/e2e/multiplayer.spec.ts:95:8)
        at /Users/mkbabb/Programming/csc411/CSC411_HW2_ProgrammingQuestion/.claude/worktrees/t9-integrate/web/frontend/e2e/multiplayer.spec.ts:669:57

    attachment #1: screenshot (image/png) ──────────────────────────────────────────────────────────
    test-results/multiplayer-a-joiner-arriv-9dd4f--board-then-syncs-both-ways-webkit/test-failed-1.png
    ────────────────────────────────────────────────────────────────────────────────────────────────

    attachment #2: screenshot (image/png) ──────────────────────────────────────────────────────────
    test-results/multiplayer-a-joiner-arriv-9dd4f--board-then-syncs-both-ways-webkit/test-failed-2.png
    ────────────────────────────────────────────────────────────────────────────────────────────────

    Error Context: test-results/multiplayer-a-joiner-arriv-9dd4f--board-then-syncs-both-ways-webkit/error-context.md

  21) [webkit] › e2e/multiplayer.spec.ts:728:1 › a page that reloads mid-session comes back to the same table and the same board 

    Test timeout of 30000ms exceeded.

    Error: expect(locator).toHaveCount(expected) failed

    Locator:  locator('.controls-card .players-roster .player-row')
    Expected: 2
    Received: undefined


      758 |   await b.reload();
      759 |   await settled(b);
    > 760 |   for (const p of [a, b]) await expect(roster(p)).toHaveCount(2);
          |                                                   ^
      761 |   await expect.poll(() => boardSignature(b)).toBe(table);
      762 |   // A NEVER MOVED. The other half of the race: an adoption that echoed back as a fresh epoch
      763 |   // would have dragged the room onto the joiner's stale board instead.
        at /Users/mkbabb/Programming/csc411/CSC411_HW2_ProgrammingQuestion/.claude/worktrees/t9-integrate/web/frontend/e2e/multiplayer.spec.ts:760:51

    attachment #1: screenshot (image/png) ──────────────────────────────────────────────────────────
    test-results/multiplayer-a-page-that-re-4bc78-me-table-and-the-same-board-webkit/test-failed-1.png
    ────────────────────────────────────────────────────────────────────────────────────────────────

    attachment #2: screenshot (image/png) ──────────────────────────────────────────────────────────
    test-results/multiplayer-a-page-that-re-4bc78-me-table-and-the-same-board-webkit/test-failed-2.png
    ────────────────────────────────────────────────────────────────────────────────────────────────

    Error Context: test-results/multiplayer-a-page-that-re-4bc78-me-table-and-the-same-board-webkit/error-context.md

  22) [webkit] › e2e/presence.spec.ts:177:1 › a page that dies without a bye leaves the roster on a clock, and the quiet pages keep theirs 

    Error: expect(locator).toHaveCount(expected) failed

    Locator:  locator('.controls-card .players-roster .player-row')
    Expected: 3
    Received: 1
    Timeout:  10000ms

    Call log:
      - Expect "toHaveCount" with timeout 10000ms
      - waiting for locator('.controls-card .players-roster .player-row')
        17 × locator resolved to 1 element
           - unexpected value "1"


      197 |   await c.addInitScript(SWALLOW_BYE);
      198 |   await boot(c, link);
    > 199 |   for (const p of [a, b, c]) await expect(roster(p)).toHaveCount(3);
          |                                                      ^
      200 |
      201 |   // Two digits, so the board has an author still at the table and an author about to stop being
      202 |   // one. C's is the one that has to keep its colour after C is gone.
        at /Users/mkbabb/Programming/csc411/CSC411_HW2_ProgrammingQuestion/.claude/worktrees/t9-integrate/web/frontend/e2e/presence.spec.ts:199:54

    attachment #1: screenshot (image/png) ──────────────────────────────────────────────────────────
    test-results/presence-a-page-that-dies--38b21-the-quiet-pages-keep-theirs-webkit/test-failed-3.png
    ────────────────────────────────────────────────────────────────────────────────────────────────

    attachment #2: screenshot (image/png) ──────────────────────────────────────────────────────────
    test-results/presence-a-page-that-dies--38b21-the-quiet-pages-keep-theirs-webkit/test-failed-2.png
    ────────────────────────────────────────────────────────────────────────────────────────────────

    attachment #3: screenshot (image/png) ──────────────────────────────────────────────────────────
    test-results/presence-a-page-that-dies--38b21-the-quiet-pages-keep-theirs-webkit/test-failed-1.png
    ────────────────────────────────────────────────────────────────────────────────────────────────

    Error Context: test-results/presence-a-page-that-dies--38b21-the-quiet-pages-keep-theirs-webkit/error-context.md

  23) [webkit] › e2e/spoken-controls.spec.ts:174:5 › §3.1 the occlusion law — 768x1024 › the risen sheet takes the covered board out of the tab route 

    Test timeout of 30000ms exceeded.

    Error: page.evaluate: Test timeout of 30000ms exceeded.

      116 |   for (let i = 0; i < steps; i++) {
      117 |     await page.keyboard.press('Tab');
    > 118 |     const where = await page.evaluate(() => {
          |                              ^
      119 |       const a = document.activeElement as HTMLElement | null;
      120 |       if (!a) return { tag: 'none', inGrid: false };
      121 |       return {
        at tabWalk (/Users/mkbabb/Programming/csc411/CSC411_HW2_ProgrammingQuestion/.claude/worktrees/t9-integrate/web/frontend/e2e/spoken-controls.spec.ts:118:30)
        at /Users/mkbabb/Programming/csc411/CSC411_HW2_ProgrammingQuestion/.claude/worktrees/t9-integrate/web/frontend/e2e/spoken-controls.spec.ts:206:21

    attachment #1: screenshot (image/png) ──────────────────────────────────────────────────────────
    test-results/spoken-controls-§3-1-the-o-33e9b--board-out-of-the-tab-route-webkit/test-failed-1.png
    ────────────────────────────────────────────────────────────────────────────────────────────────

    Error Context: test-results/spoken-controls-§3-1-the-o-33e9b--board-out-of-the-tab-route-webkit/error-context.md

  24) [webkit] › e2e/viewport-law.spec.ts:136:5 › §2.1 deck names @ 844×390 › §2.1 every game name on the deck is legible at first paint or one cued step away 

    Error: expect(received).not.toBe(expected) // Object.is equality

    Expected: not "gallery-card-1"

    Call Log:
    - Timeout 8000ms exceeded while waiting on the predicate

      106 |     const before = await active();
      107 |     await viewport.press('ArrowRight');
    > 108 |     await expect.poll(active, { timeout: 8000 }).not.toBe(before);
          |                                                      ^
      109 |   }
      110 |   // The snap glide is a WAAPI transform on top of the scroll; let it land before a box is read.
      111 |   await page.waitForTimeout(600);
        at stepDeckTo (/Users/mkbabb/Programming/csc411/CSC411_HW2_ProgrammingQuestion/.claude/worktrees/t9-integrate/web/frontend/e2e/viewport-law.spec.ts:108:54)
        at /Users/mkbabb/Programming/csc411/CSC411_HW2_ProgrammingQuestion/.claude/worktrees/t9-integrate/web/frontend/e2e/viewport-law.spec.ts:149:9

    attachment #1: screenshot (image/png) ──────────────────────────────────────────────────────────
    test-results/viewport-law-§2-1-deck-nam-c51a1-paint-or-one-cued-step-away-webkit/test-failed-1.png
    ────────────────────────────────────────────────────────────────────────────────────────────────

    Error Context: test-results/viewport-law-§2-1-deck-nam-c51a1-paint-or-one-cued-step-away-webkit/error-context.md

  24 failed
    [chromium] › e2e/font-census.spec.ts:231:1 › the ledger holds BOTH directions across two games and two regimes 
    [chromium] › e2e/gallery.spec.ts:860:1 › drag: kenken — the LAST card — is reachable by dragging 
    [chromium] › e2e/join-language.spec.ts:107:1 › the ring is baked geometry: it mints no filter, in either engine 
    [chromium] › e2e/multiplayer.spec.ts:728:1 › a page that reloads mid-session comes back to the same table and the same board 
    [chromium] › e2e/presence.spec.ts:177:1 › a page that dies without a bye leaves the roster on a clock, and the quiet pages keep theirs 
    [webkit] › e2e/access.spec.ts:375:3 › 2.3 the roster announces › a join and a leave each move a live region 
    [webkit] › e2e/drawer.spec.ts:394:3 › drawer below the row regime — LANDSCAPE IS THE DOCK (T9-W2 §2.2, a declared delta on T5-W4 charter (c)) › <1024 landscape: the tab rides the board, the card docks, nothing scrolls 
    [webkit] › e2e/drawer.spec.ts:453:3 › drawer below the row regime — PORTRAIT is the dock › <1024 portrait: the tongue summons a fixed sheet, and the board never moves 
    [webkit] › e2e/font-census.spec.ts:231:1 › the ledger holds BOTH directions across two games and two regimes 
    [webkit] › e2e/futoshiki.spec.ts:107:1 › size switching: 4×4/5×5/6×6/7×7 each change the board cell count 
    [webkit] › e2e/gallery.spec.ts:860:1 › drag: kenken — the LAST card — is reachable by dragging ─
    [webkit] › e2e/join-language.spec.ts:69:1 › a join rings the board, in the joiner’s own ink, once 
    [webkit] › e2e/join-language.spec.ts:134:1 › the roster row is the other half: the name lands in their ink, and the well says who 
    [webkit] › e2e/masthead-alignment.spec.ts:112:5 › M17 — the head line › the badge and the celestial hang from one rule (light) 
    [webkit] › e2e/masthead-alignment.spec.ts:112:5 › M17 — the head line › the badge and the celestial hang from one rule (dark) 
    [webkit] › e2e/masthead-alignment.spec.ts:158:5 › M18 — the board rule › the board hangs from the title at 1280, in all five games 
    [webkit] › e2e/masthead-alignment.spec.ts:158:5 › M18 — the board rule › the board hangs from the title at 1440, in all five games 
    [webkit] › e2e/multiplayer.spec.ts:320:1 › a deal is an epoch: both boards follow, and neither undo stack crosses it 
    [webkit] › e2e/multiplayer.spec.ts:347:1 › the table says connecting until the room answers, then shows who is at it 
    [webkit] › e2e/multiplayer.spec.ts:649:1 › a joiner arriving mid-game adopts the whole board, then syncs both ways 
    [webkit] › e2e/multiplayer.spec.ts:728:1 › a page that reloads mid-session comes back to the same table and the same board 
    [webkit] › e2e/presence.spec.ts:177:1 › a page that dies without a bye leaves the roster on a clock, and the quiet pages keep theirs 
    [webkit] › e2e/spoken-controls.spec.ts:174:5 › §3.1 the occlusion law — 768x1024 › the risen sheet takes the covered board out of the tab route 
    [webkit] › e2e/viewport-law.spec.ts:136:5 › §2.1 deck names @ 844×390 › §2.1 every game name on the deck is legible at first paint or one cued step away 
  4 skipped
  448 passed (17.9m)
